symptom_id,symptom_en,symptom_hi,symptom_mr,keywords,triage_tier,severity_score,self_care_text_en,self_care_text_hi,notes,symptom_ta,symptom_gu,keywords_ta,keywords_gu,self_care_text_ta,self_care_text_gu
S061,severe toothache,दांत में तेज दर्द,दात दुखणे,"daant dard, tooth pain, daant mein dard, daant dukh raha, molar pain, wisdom tooth, akkal daadh dard, दाँत दर्द, daant toda, broken tooth pain, daant mein sujan",clinic,5,Take paracetamol for pain. Rinse with warm salt water every few hours. Avoid very hot or cold food. Visit dentist as soon as possible.,दर्द के लिए पैरासिटामोल लें। गर्म नमक के पानी से कुल्ला करें। बहुत गर्म या ठंडा खाना न खाएं। जल्द से जल्द दंत चिकित्सक के पास जाएं।,,பல் வலி,દાંત દૂખવો,"pal vali, molar vali, wisdom tooth vali, பல் வலி, akkal pal vali","daant dard gujarati, daant dukhe, dada dard, દાંત દૂખવો, wisdom tooth gujarati",வலிக்கு பாராசிட்டமால் எடுங்கள். சூடான உப்பு நீரில் கொப்பளியுங்கள். விரைவில் பல் மருத்துவரிடம் செல்லுங்கள்.,દર્દ માટે પેરાસિટામોલ લો. ગરમ મીઠા પાણીથી કોગળા. જલ્દી ડૅન્ટિસ્ટ પાસે જા.
S062,tooth abscess,दांत में पस,दातात पू,"daant mein pus, daant ke paas sujan, gaal sujan daant se, tooth abscess, daant mein infection, दाँत में पस, दातात पू",clinic,7,,,Spreading infection can be dangerous – clinic urgently,பல் சீழ்,દાંતમાં પરુ,"pal seezh, pal infection, kadi veettu, பல் சீழ், gum swelling tooth tamil","daant ma paru, gaal sujan daant thi, દાંતમાં પરુ, daant infection gujarati",,
S063,bleeding gums,मसूढ़ों से खून,हिरड्यांतून रक्त,"masoode se khoon, gums bleeding, daant saaf karte waqt khoon, brush mein khoon, मसूड़ों से खून, हिरड्यांतून रक्त, bleeding when brushing, gum pain bleeding",self-care,3,"Brush gently with soft bristle brush. Rinse with warm salt water. Eat vitamin C rich foods. If bleeding is heavy or continuous, visit clinic.",मुलायम ब्रश से धीरे-धीरे ब्रश करें। नमक के पानी से कुल्ला करें। विटामिन C वाले फल खाएं। ज्यादा खून आए तो क्लिनिक जाएं।,,ஈறுகளில் இரத்தம்,પેઢામાંથી લોહી,"eerugalil iratham, brush panium ratham, pal eeru iratham, ஈறு இரத்தம்","pedha ma thi lohi, brush karta lohi, પેઢામાંથી લોહી, gum bleeding gujarati",முல்லிய பிரஷ் உபயோகியுங்கள். சூடான தண்ணீரில் கொப்பளியுங்கள். விட்டமின் C சாப்பிடுங்கள்.,નરમ બ્રશ વાપર. મીઠા પાણીથી કોગળ. વિટામિન C ખા.
S064,mouth ulcers,मुँह में छाले,तोंडात फोड,"muh mein chhaale, mouth ulcer, tonsils dard, gale mein chhaale, मुँह में छाले, तोंडात फोड, muh ka dard chhaale, painful mouth sores, canker sores",self-care,2,"Apply honey or coconut oil on ulcers. Rinse with warm salt water. Avoid spicy food. If ulcers last more than 2 weeks, visit clinic as it could indicate something serious.",छालों पर शहद या नारियल तेल लगाएं। नमक पानी से कुल्ला करें। मसालेदार खाना न खाएं। 2 हफ्ते से ज्यादा रहे तो क्लिनिक जाएं।,Persistent ulcers can be oral cancer – flag if 2+ weeks,வாய் புண்,મોઢામાં ચાંદા,"vaay pun, vaayil pun, thondai pun, வாய் புண், mouth ulcer tamil","modhama chanda, moh ma chala, મોઢામાં ચાંદા, mouth ulcer gujarati",புண்ணில் தேன் தடவுங்கள். சூடான தண்ணீரில் கொப்பளியுங்கள். காரம் தவிர்க்கவும்.,ચાંદા પર મધ લગા. મોઢા પાણીથી કોગળ. તીખું ખાળ.
S065,severe hair loss,बहुत ज्यादा बाल झड़ना,केस खूप गळणे,"baal jhad rahe, bahut baal gir rahe, takla ho raha, hair fall, hair loss, बाल झड़ रहे, केस गळतायत, baal toot rahe, alopecia, bald patches",clinic,5,"Eat protein rich food like eggs, dal, nuts. Oil hair regularly. If hair loss is sudden and in patches, visit clinic.",प्रोटीन युक्त भोजन खाएं जैसे अंडे, दाल, मेवे। नियमित तेल लगाएं। अचानक गुच्छों में बाल झड़ें तो क्लिनिक जाएं।,,மூடி உதிர்வு,વાળ ખરવા,"mudi uthirvu, mudi vizhuthal, takadu, மூடி உதிர்கிறது, hair fall tamil","vaal kharvaa, takla thavvu, વાળ ખરવા, hair fall gujarati","மூடி, பருப்பு சாப்பிடுங்கள். தலைக்கு எண்ணெய் தடவுங்கள். திடீர் மூடி உதிர்வு இருந்தால் மருத்துவரிடம் செல்லுங்கள்.","ઈંડા, દાળ ખા. નિયમિત તેલ ઘસ. ડૉક્ટર."
S066,lice infestation,जूं,उवा,"joon, lice, sir mein kharish, baalon mein keede, sar mein keede, जूं, उवा, head lice itching, nits hair, joo sar mein",self-care,1,Apply neem oil or coconut oil overnight. Use a fine comb to remove lice. Wash hair with medicated shampoo.,रात को नीम का तेल या नारियल तेल लगाएं। बारीक कंघी से जूं निकालें। मेडिकेटेड शैम्पू से धोएं।,Very common in rural schools – treat whole family,பேன்,જૂ,"pen, thalayil pen, thalai kaarathal pen, பேன் பிடித்தது, lice tamil","ju, mathama ju, જૂ, lice gujarati, vaal ma keeda",வேப்பெண்ணெய் தலையில் தடவி இரவு வையுங்கள். நுண்மையான கூப்பால் பேன் எடுங்கள்.,રાત્રે લીમડાના તેલ ઘસ. જૂ ઓળેથી ઘઓ. ઉષ્ણ ધો.
S067,scalp infection,सिर में इन्फेक्शन,काळ्या सांसर,"sar mein infection, scalp mein pus, sar mein daane, sir mein ghav, scalp boils, sar mein funsi, head infection pus, scalp abscess",clinic,6,,,,માથામાં ઘા,તલૈயில் தொறு,"thalayil thoru, scalp infection tamil, head boils tamil","mathama infection, scalp infection gujarati, mathama paru, માથામાં ઘા",,
S068,vitiligo white patches,सफेद दाग,पांढरे डाग,"safed daag, white patches skin, safed chamdi, rang nahi hai skin mein, vitiligo, सफेद दाग, पांढरे डाग, white spots spreading, leucoderma",clinic,4,Vitiligo is not contagious or dangerous. Visit a dermatologist for treatment options. Protect white patches from sun exposure.,विटिलिगो संक्रामक नहीं है। त्वचा विशेषज्ञ से मिलें। सफेद जगहों को धूप से बचाएं।,Social stigma in rural India – handle sensitively,வெண் திட்டுகள்,સફેદ ડાઘ,"ven thittukkal, safed patch skin, vitiligo tamil, வெண் திட்டுகள், leucoderma","safed daag gujarati, rang gayu, સફેદ ડાઘ, vitiligo gujarati",வெண் திட்டுகள் தொற்றுநோய் இல்லை. தோல் மருத்துவரிடம் செல்லுங்கள்.,સફેદ ડાઘ ચેપ નથ. ત્વચા નિષ્ણાત પાસ જા.
S069,boils and carbuncles,फोड़े फुंसी,गळू,"fode funsi, bada funsi, skin pe foda, carbuncle, furuncle, phoda nikla, skin pe pus wala daana, फोड़े, फुंसी, गळू, boil pus skin, abscess skin",clinic,6,"Do not squeeze or pop the boil. Apply warm compress 3-4 times daily. Keep area clean. If boil is large or has red streaks, visit clinic immediately.",फोड़े को दबाएं या फोड़ें नहीं। दिन में 3-4 बार गर्म सेंक करें। साफ रखें।,,கொப்பளங்கள்,ફોડ-ફોન્સ,"koppalangal, pun katti, skin seezh, கொப்பளம், boil tamil, pus skin","fod funsi gujarati, skin par fodo, ફોડ-ફોન્સ, paru vada daano",கொப்பளத்தை அமுக்காதீர்கள். சூடான அத்தகம் கொடுங்கள்.,ફોડ દબા નહી. ગરમ શેક કર. લાલ ધારેઓ દેખાય તો ક્લિનિક.
S070,severe sunburn,धूप से जलन,उन्हाने जळणे,"dhoop se jalaa, sunburn, skin lal ho gayi dhoop mein, sun se redness, धूप से जलना, उन्हाने जळणे, blistering sunburn, sun exposure skin burn",self-care,3,"Move to shade immediately. Apply aloe vera or cold wet cloth. Drink plenty of water. If blisters form, visit clinic.",तुरंत छाया में जाएं। एलोवेरा या ठंडा गीला कपड़ा लगाएं। खूब पानी पिएं। छाले पड़ें तो क्लिनिक जाएं।,,சூரிய எரிகல்,સૂર્ય બળતરા,"suriya erichal, veyilil ponathu, skin sivanthu, சூரிய எரிகல், sunburn tamil","taap ma baldi, dhoop thi jaldi, સૂર્ય બળતરા, sunburn gujarati",இப்போதே நிழலுக்கு வாருங்கள். அலோவேரா போடுங்கள்.,તરત છાયામાં જા. અલ્વેરા ઘસ. ઠણ્ઠ પાણ પ્ય.
S071,allergic reaction rash,एलर्जी के दाने,एलर्जीची पूरळ,"allergy ke daane, khane se allergy, dawaai se allergy, hives, urticaria, एलर्जी, दाने निकल आए, allergic rash hives, food allergy skin, medicine allergy rash",clinic,6,,,If throat swelling or breathing difficulty – emergency,ஒவ்வாமை தடிப்பு,એલર્જી ફોલ્લા,"ovvamai thadippu, allergy thadippu, urticaria tamil, ஒவ்வாமை, hives tamil","allergy folla, khaanavani allergy, એલર્જી ફોલ્લા, urticaria gujarati",,
S072,psoriasis flare,सोरायसिस,सोरायसिस,"psoriasis, safed chilka skin, skin peeling patches, sar mein safed chilka, सोरायसिस, skin flaking patches, scaly skin, elbow knee scaly patches",clinic,5,Keep skin moisturized. Avoid harsh soaps. Do not scratch. Visit dermatologist.,त्वचा को नम रखें। कठोर साबुन से बचें। खुजलाएं नहीं। त्वचा विशेषज्ञ से मिलें।,,சொரியாசிஸ்,સ્રોરાયઇસસ,"soriyaasis, thol verukkai, scaly skin tamil, சொரியாசிஸ், skin flaking","psoriasis gujarati, tvacha chhalna, સ્રોરાયઇસસ, skin scales",தோலை ஈரமதம் வையுங்கள். கடுமையான சோப்பு தவிர்க்கவும்.,ત્વચા ભેઠ વાળ રાખ. ક઼ઠ્ઠ સાબ ઘાળ. ત્વચા નિષ્ણાત પાસ જા.
S073,night blindness,रात को दिखना बंद,रात्रांधळेपणा,"raat ko nahi dikhai deta, andhera mein nahi dikta, night blindness, raat ko aankhein kamzor, रात को नहीं दिखता, रात्रांधळेपणा, cannot see at night, vitamin A deficiency",clinic,6,"Eat vitamin A rich foods – carrots, green leafy vegetables, eggs, milk. Visit clinic for supplements.","गाजर, हरे पत्तेदार सब्जियां, अंडे, दूध खाएं। यह अक्सर विटामिन A की कमी है।",Very common in malnourished rural children,இரவு குருடு,રાત્રે ન દેખાવો,"iravu kuru, irulil teriyavillai, night blindness tamil, இரவில் தெரியவில்லை","raate na dekhaavu, andhara ma nathi dekhatu, રાત્રે ન દેખાવો, vitamin A ni kami","கேரட், பகுகு காய்கறிகள், முட்டை சாப்பிடுங்கள். வேட்கமின் A குறைபாடு.","ઈંડા, ગાજ, લીલ પાદડ ખ. Vitamin A ની ઘ. ક્લિનિક."
S074,electric shock,बिजली का झटका,विजेचा धक्का,"bijli ka jhatka, current laga, electric shock, wire se current, बिजली का झटका, करंट लगा, विजेचा धक्का, electrocution, bijli lagi",emergency,10,,,Always emergency,மின் அதிர்ச்சி,વીજળીનો આંચકો,"min adhirchi, current adikuthu, electricity shock, மின்காரம் இடித்தது","vij no aanchko, current lago, વીજળીનો આંચકો, electric shock gujarati",,
S075,drowning near drowning,पानी में डूबना,बुडणे,"paani mein doob gaya, near drowning, doobte doobte bache, पानी में डूबना, डूब गया, बुडणे, drowning water, swallowed water unconscious",emergency,10,,,Emergency,நீரில் மூழ்குதல்,ડૂબવો,"neeril muzhuguthal, tanneer muzhuguthal, drowning tamil, நீரில் மூழ்கினான்","dubvu, paani ma dubi gayu, ડૂબવો, drowning gujarati",,
S076,foreign object in eye,आँख में कुछ पड़ गया,डोळ्यात काही गेले,"aankh mein kuch pada, aankh mein mitti, eye mein kuch gaya, आँख में कुछ पड़ा, डोळ्यात काही गेले, foreign object eye, dust in eye",clinic,5,"Do NOT rub the eye. Rinse with clean water gently. If object is stuck or vision is blurred, visit clinic immediately.",आँख को रगड़ें नहीं। साफ पानी से धीरे धोएं। कुछ फंसा हो या धुंधला दिखे तो तुरंत क्लिनिक जाएं।,,கண்ணில் பொருள்,આંખમાં કંઇ પડ્યો,"kannnil porul vizhunthu, dust in eye tamil, கண்ணில் ஏதோ விழுந்தது","aankh ma kaunchi padyu, aankh ma maati, આંખમાં કંઇ પડ્યો",கண்ணை தேய்க்காதீர்கள். சுத்தமான தண்ணீரில் கழுவுங்கள்.,ઘ ઘસ નહી. સ્વઘ પાણ ધb. ફસા થ્oy ઘ ક્લિનિક.
S077,foreign object swallowed,कुछ निगल लिया,काहीतरी गिळले,"kuch nigal gaya, bachhe ne kuch kha liya, coin nigal liya, कुछ निगल गया, काहीतरी गिळले, swallowed coin, child swallowed object",emergency,9,,,Always emergency,பொருள் விழுங்கியது,કઇ ઘળ ગ્યો,"porul vilungiyathu, coin vilangi, kuzhandai vilangithu, பொருள் விழுங்கினான்","kaunchi ghali gayu, bachhu kaunchi khaayi, કઇ ઘળ ગ્યો, coin gali gayu",,
S078,heat stroke,लू लगना,उन्हाळा,"loo lagi, garmi se behosh, heat stroke, bahut tez garmi behoshi, धूप में बेहोश, लू लगना, उन्हाळा, heatstroke faint, sun stroke collapse",emergency,10,,,Common in Indian summers,வேப்பம் தாக்குதல்,હીટ સ્ટ્રોક,"veppam thaakkuthal, kaattu veyil, heatstroke tamil, வேப்பமான நாளில் மயக்கம்","lu lagvi, taap ma behosh, heatstroke gujarati, ખૂ ગ઼ ગ઼",,
S079,poisoning,जहर खाना,विषबाधा,"zeher kha liya, pesticide pi liya, rat poison, kuch galat kha liya, जहर खा लिया, कीटनाशक पी लिया, विषबाधा, poisoning accidental, pesticide ingestion",emergency,10,,,Call 108 immediately,விஷம் குடித்தல்,ઝેર ખાવો,"visham kudithtal, pesticide kudithtal, விஷம் குடித்தது, poison tamil","zer khaayu, pesticide piyyu, ઝેર ખાવો, rat poison gujarati",,
S080,excessive thirst and urination,बहुत ज्यादा प्यास और पेशाब,खूप तहान आणि लघवी,"bahut pyaas, baar baar peshab, raat ko baar baar uthna peshab ke liye, बहुत प्यास लग रही, बार बार पेशाब, खूप तहान, excessive thirst frequent urination, polyuria polydipsia, possible diabetes",clinic,6,,,Classic diabetes symptom,அதிக தாகம்,વધુ તરસ,"adhika thagam moottiram, bar bar moottiram, diabetes possible tamil, அதிக தாகம்","khub taras, vaar vaar peshaab, વધુ તરસ, diabetes symptoms gujarati",,
S081,sudden vision loss,अचानक दिखना बंद,अचानक दृष्टी जाणे,"achanak nahi dikh raha, aankh se nahi dikta, vision chali gayi, aandhera aa gaya, अचानक दिखना बंद, अचानक दृष्टी जाणे, sudden blindness, vision gone one eye",emergency,10,,,Possible stroke,திடீர் பார்வை இழப்பு,અચાનક દ્રષ્ટી ગઇ,"thideer paarvaiyazhapu, kann theriyavillai, sudden blind tamil, திடீரென்று தெரியவில்லை","achanak na dekhay, aankh thi dikhaavu gayu, અચાનક દ્રષ્ટી ગઇ",,
S082,nose bleed,नाक से खून,नाकातून रक्त,"naak se khoon, nakseer, naak se blood aa raha, naak band karke khoon, नाक से खून, नाकातून रक्त, nosebleed, epistaxis",self-care,3,"Sit upright and lean slightly forward. Pinch the soft part of nose for 10 minutes. Do NOT tilt head back. If bleeding does not stop in 20 minutes, go to clinic.",सीधे बैठें और थोड़ा आगे झुकें। नाक का नरम हिस्सा 10 मिनट दबाएं। सिर पीछे न करें।,,மூக்கில் இரத்தம்,નાકમાંથી લોહી,"mukku iratham, mookku iratham, nosebleed tamil, மூக்கில் ரத்தம்","naak ma thi lohi, nakseer, નાકમાંથી લોહી, nosebleed gujarati",நேராக அமர்ந்து மூக்கை 10 நிமிடம் அழுத்துங்கள். 20 நிமிடங்களில் நிறகாவிட்டால் மருத்துவரிடம் செல்லுங்கள்.,સીધ બેસ. નાક 10 મિન દba. 20 min ન રoay to clinic.
S083,bed sores,घाव बिस्तर से,शय्याव्रण,"bistar par letne se ghav, pressure sore, bed sore, पीठ पर घाव letne से, शय्याव्रण, bedsore elderly, pressure ulcer",clinic,6,,,Common in bedridden elderly,படுக்கை புண்,પથારેમાં ઘા,"padukkai pun, pressure sore tamil, mudhiyavar pun, படுக்கை புண்","pathar par ghav, bedsore gujarati, પથારેમાં ઘા",,
S084,worms intestinal,पेट में कीड़े,पोटात अळी,"pet mein keede, kide hain pet mein, bachhe ko keede, potty mein keede, पेट में कीड़े, पोटात अळी, intestinal worms, roundworm, tapeworm, guda mein kharish raat ko",self-care,3,Take deworming tablet (Albendazole 400mg). Maintain hand hygiene before eating. Wash vegetables properly.,डेवर्मिंग गोली (Albendazole 400mg) एक बार लें। खाने से पहले हाथ धोएं। सब्जियां अच्छे से धोएं।,Extremely common in rural India,குடல் புழுக்கள்,પેટના ક્રૂમિ,"kudal puzhukkkal, vayitril puzhu, worms stomach tamil, குடலில் புழு","pet na krumi, keeda pet ma, પેટના ક્રૂમિ, worms gujarati",Albendazole 400mg மாத்திரை எடுங்கள். சாப்பிடுவதற்கு முன் கைகள் கழுவுங்கள்.,Albendazole 400mg ની ગ઼ 1 લ. ખ before hand wash. 6 mahine fari lo.
S085,hernia,हर्निया,हर्निया,"hernia, pet mein ubhar, inguinal hernia, naaf ke paas ubhar, हर्निया, पेट में उभार, groin bulge, belly button bulge hernia",clinic,6,,,Strangulated hernia = emergency,குடலிறக்கம்,હર્નિયા,"kudal irakkam, hernia tamil, vayitril veettu, குடலிறக்கம்","hernia gujarati, pet ma ubhar, હર્નિયા, groin ma ubhar",,
S086,piles hemorrhoids,बवासीर,मूळव्याध,"bawaseer, piles, potty mein khoon, guda mein dard, bavasir, बवासीर, मूळव्याध, hemorrhoids, rectal bleeding, anal pain",clinic,5,"Eat high fibre food and drink plenty of water. Avoid straining during bowel movements. Sitz bath in warm water for 15 mins. Visit clinic if bleeding is heavy.",ज्यादा फाइबर खाएं और पानी पिएं। शौच के समय जोर न लगाएं। गर्म पानी में 15 मिनट बैठें।,,மூலம்,બવાસીર,"moolam, moola noi, ano ratham, மூலம், piles tamil, rectal bleeding tamil","bavaasir, potty ma lohi, guda ma dard, બવાસીર, piles gujarati",அதிக நாருக்கத்தை சாப்பிடுங்கள். சூடான தண்ணீரில் 15 நிமிடம் அமர்ந்திருங்கள்.,ઘ઼ ફાber ખ. ગ઼ pani pi. garm pani ma 15 min beso.
S087,vertigo dizziness spinning,चक्कर आना जैसे सब घूम रहा है,गरगरणे,"chakkar aa raha, sab ghoom raha hai, vertigo, balance nahi ban raha, उठते बैठते चक्कर, चक्कर आना, गरगरणे, spinning dizziness, vertigo balance problem",clinic,5,"Sit or lie down immediately when dizzy. Move slowly when changing positions. If vertigo is severe or recurring, visit clinic.",चक्कर आने पर तुरंत बैठ या लेट जाएं। धीरे धीरे उठें। बार बार हो तो क्लिनिक जाएं।,,தலை சுற்றல்,ચક્કર,"thalai churral, vertigo tamil, suttru varuthu, தலை சுற்றல்","chakkar gujarati, vertigo gujarati, sab ghumay, ચક્કર",சுற்றும்போது அமர்ந்து அல்லது படுக்கை படுங்கள். மெதுவாக நகரவும்.,ચ઼ ઘ ઘ to beso. ધ nagar. munu munu ane to clinic.
S088,cold hands feet poor circulation,हाथ पैर ठंडे रहना,हातपाय थंड राहणे,"haath pair hamesha thande, circulation problem, blood flow kam, extremities cold, हाथ पैर ठंडे, खराब रक्त संचार, हातपाय थंड, cold extremities always, poor circulation",clinic,4,"Exercise regularly to improve circulation. Keep extremities warm. Eat iron rich foods. If severe or with colour changes in fingers, visit clinic.",नियमित व्यायाम करें। हाथ पैर गर्म रखें। धूम्रपान न करें। आयरन युक्त भोजन खाएं।,,கை கால் குளிர்ச்சி,હાથ-પગ ઠંડા,"kai kaal kulirchi, circulation problem tamil, கை கால் எப்போதும் குளிர்ச்சியாக","hath pair thanda rehve, circulation problem, હાથ-પગ ઠંડા",அம்றப்பயிற்சி செய்யுங்கள். கை காலகளை சூடாக வையுங்கள்.,ksarat karo. Hath pair garm rakkho. Iron khao.
S089,memory loss confusion elderly,बुढ़ापे में याददाश्त कम होना,वृद्धांची स्मृती कमी,"yaad nahi rehta, bhool jaate hain, confused rehte hain, dementia, alzheimer, बुढ़ापे में भूल जाते, याददाश्त कम, वृद्धांची स्मृती कमी, elderly confused forgetful, memory loss old age",clinic,6,,,Common in elderly,முதியோர் நினைவிழப்பு,વૃદ્ધ સ્મૃતિ ભ્રંશ,"muthiyavar ninaivalappu, forgetful elderly, dementia tamil, முதியோர் மறதி","budha ni yaad ochhi, memory loss gujarati, bhulavvu vadu, વૃદ્ધ સ્મૃતિ ભ્રંશ",,
S090,stuttering speech problem sudden,अचानक बोलने में दिक्कत,अचानक बोलणे अडखळणे,"achanak bolne mein dikkat, speech band ho gayi, bolna band, suddenly cannot speak clearly, अचानक बोलने में दिक्कत, बोलना बंद, अचानक बोलणे अडखळणे, sudden speech difficulty, slurred speech sudden",emergency,9,,,Sudden speech difficulty = possible stroke,திடீர் பேசு சிரமம்,અચાનક બોલવામાં મુ,"thideer pesavillai, sudden speech problem, திடீரென்று பேச முடியவில்லை","achanak nathi bolatu, speech band, અચાનક બોલવામાં મુ",,
