symptom_id,symptom_en,symptom_hi,symptom_mr,keywords,triage_tier,severity_score,self_care_text_en,self_care_text_hi,notes
S001,chest pain,à¤¸à¥à¤¨à¥ à¤®à¥à¤ à¤¦à¤°à¥à¤¦,à¤à¤¾à¤¤à¥à¤¤ à¤¦à¥à¤à¤£à¥,"chest pain, chest tight, chest me dard, seene mein dard, sina dard, seene ka dard, chati me dard, dil me dard, chest dard, à¤¸à¥à¤¨à¥ à¤®à¥à¤ à¤¦à¤°à¥à¤¦, à¤¸à¥à¤¨à¤¾ à¤¦à¤°à¥à¤¦, à¤à¤¾à¤¤à¥ à¤®à¥à¤ à¤¦à¤°à¥à¤¦, à¤¦à¤¿à¤² à¤®à¥à¤ à¤¦à¤°à¥à¤¦, à¤à¤¾à¤¤à¥ à¤¦à¥à¤à¤£à¥, à¤à¤¾à¤¤à¥à¤¤ à¤¦à¥à¤à¤£à¥, seena jakad gaya, sina bhari lag raha hai",emergency,10,,,Always emergency. No exceptions.
S002,difficulty breathing,à¤¸à¤¾à¤à¤¸ à¤²à¥à¤¨à¥ à¤®à¥à¤ à¤¤à¤à¤²à¥à¤«,à¤¶à¥à¤µà¤¾à¤¸ à¤à¥à¤£à¥ à¤¤à¥à¤°à¤¾à¤¸,"saans nahi aa raha, saans lene mein takleef, sans ruk raha hai, breathless, breathing problem, saans fulna, saans ghutna, à¤¦à¤® à¤à¥à¤à¤¨à¤¾, à¤¸à¤¾à¤à¤¸ à¤¨à¤¹à¥à¤ à¤ à¤°à¤¹à¤¾, à¤¸à¤¾à¤à¤¸ à¤²à¥à¤¨à¥ à¤®à¥à¤ à¤¦à¤¿à¤à¥à¤à¤¤, à¤¸à¤¾à¤à¤¸ à¤«à¥à¤²à¤¨à¤¾, à¤¶à¥à¤µà¤¾à¤¸ à¤à¥à¤£à¥ à¤¤à¥à¤°à¤¾à¤¸, dama, sans ki takleef, chest tight saans nahi",emergency,10,,,Escalate immediately
S003,unconsciousness,à¤¬à¥à¤¹à¥à¤¶à¥,à¤¶à¥à¤¦à¥à¤§ à¤¹à¤°à¤ªà¤£à¥,"behosh, behoshi, girna, hosh nahi, ankhe band ho gayi, faint, faint ho gaya, chakkar aakar gir gaya, à¤¬à¥à¤¹à¥à¤¶à¥, à¤¬à¥à¤¹à¥à¤¶ à¤¹à¥ à¤à¤¯à¤¾, à¤¹à¥à¤¶ à¤¨à¤¹à¥à¤, à¤à¤à¥à¤à¤° à¤à¤à¤° à¤à¤¿à¤°à¤¨à¤¾, à¤¶à¥à¤¦à¥à¤§ à¤¹à¤°à¤ªà¤£à¥, murcha, murcha aana, hosh kho baithna",emergency,10,,,
S004,stroke symptoms,à¤²à¤à¤µà¥ à¤à¥ à¤²à¤à¥à¤·à¤£,à¤à¥à¤¹à¤°à¤¾ à¤µà¤¾à¤à¤¡à¥ à¤¹à¥à¤£à¥,"muh tedha, chehra tedha, haath nahi utha raha, ek taraf kamzori, suddenly nahi bol pa raha, bol nahi pa raha, baat nahi ho rahi, à¤®à¥à¤à¤¹ à¤à¥à¤¢à¤¼à¤¾, à¤à¤ à¤¤à¤°à¤« à¤à¤®à¤à¤¼à¥à¤°à¥, à¤¬à¥à¤²à¤¨à¥ à¤®à¥à¤ à¤¦à¤¿à¤à¥à¤à¤¤, à¤²à¤à¤µà¤¾, à¤à¥à¤¹à¤°à¤¾ à¤µà¤¾à¤à¤¡à¥ à¤¹à¥à¤£à¥, lakwa, paralysis, ek haath kaam nahi kar raha",emergency,10,,,
S005,severe bleeding,à¤¬à¤¹à¥à¤¤ à¤à¥à¤¯à¤¾à¤¦à¤¾ à¤à¥à¤¨ à¤¬à¤¹à¤¨à¤¾,à¤à¥à¤ª à¤°à¤à¥à¤¤ à¤¯à¥à¤£à¥,"bahut khoon, khoon nahi ruk raha, blood nahi ruk raha, bahut bleeding, ghaav se khoon, chot se bahut khoon, à¤¬à¤¹à¥à¤¤ à¤à¥à¤¨ à¤¬à¤¹ à¤°à¤¹à¤¾, à¤à¥à¤¨ à¤¨à¤¹à¥à¤ à¤°à¥à¤ à¤°à¤¹à¤¾, à¤à¤¾à¤µ à¤¸à¥ à¤à¥à¤¨, à¤à¥à¤ª à¤°à¤à¥à¤¤ à¤¯à¥à¤£à¥, raktasrav, lahu band nahi ho raha",emergency,9,,,
S006,animal bite,à¤à¤¾à¤¨à¤µà¤° à¤à¤¾ à¤à¤¾à¤à¤¨à¤¾,à¤¸à¤¾à¤ªà¤¾à¤¨à¥ à¤à¤¾à¤µà¤²à¥,"saanp ne kata, kutta kata, bijli ka kata, janwar ne kata, saanp ka daank, kutte ne kata, bichhu kata, à¤¸à¤¾à¤à¤ª à¤¨à¥ à¤à¤¾à¤à¤¾, à¤à¥à¤¤à¥à¤¤à¥ à¤¨à¥ à¤à¤¾à¤à¤¾, à¤¬à¤¿à¤à¥à¤à¥ à¤à¤¾à¤à¤¾, à¤à¤¾à¤¨à¤µà¤° à¤¨à¥ à¤à¤¾à¤à¤¾, à¤¸à¤¾à¤ªà¤¾à¤¨à¥ à¤à¤¾à¤µà¤²à¥, à¤µà¤¿à¤à¤à¥ à¤à¤¾à¤µà¤²à¤¾, saap ka zeher, daank",emergency,9,,,
S007,seizure,à¤¦à¥à¤°à¤¾ à¤ªà¤¡à¤¼à¤¨à¤¾,à¤«à¥à¤«à¥ à¤¯à¥à¤£à¥,"daura pada, mirgi, fits, jhatke aana, body hil rahi thi, haath pair phad phad, aankhein upar ho gayi, à¤¦à¥à¤°à¤¾ à¤ªà¤¡à¤¼à¤¨à¤¾, à¤®à¤¿à¤°à¥à¤à¥, à¤à¤à¤à¥ à¤à¤¨à¤¾, à¤¹à¤¾à¤¥ à¤ªà¥à¤° à¤«à¤¡à¤¼à¤«à¤¡à¤¼à¤¾à¤¨à¤¾, à¤«à¥à¤«à¥ à¤¯à¥à¤£à¥, à¤à¤à¤à¥ à¤¯à¥à¤£à¥, epilepsy, body shake karna",emergency,9,,,
S008,high fever,à¤¤à¥à¤ à¤¬à¥à¤à¤¾à¤°,à¤à¤¾à¤¸à¥à¤¤ à¤¤à¤¾à¤ª,"tej bukhar, 3 din se bukhar, bukhar nahi ja raha, bahut garmi lag rahi, 100 fever, high temperature, bukhaar chadh gaya, à¤¤à¥à¤ à¤¬à¥à¤à¤¾à¤°, à¤¤à¥à¤¨ à¤¦à¤¿à¤¨ à¤¸à¥ à¤¬à¥à¤à¤¾à¤°, à¤¬à¥à¤à¤¾à¤° à¤¨à¤¹à¥à¤ à¤à¤¾ à¤°à¤¹à¤¾, à¤à¤¾à¤¸à¥à¤¤ à¤¤à¤¾à¤ª, 3 à¤¦à¤¿à¤µà¤¸à¤¾à¤à¤ªà¤¾à¤¸à¥à¤¨ à¤¤à¤¾à¤ª, tej tap, tap utarla nahi",clinic,6,,,Escalate if 3+ days or child under 5
S009,child fever under 5,à¤¬à¤à¥à¤à¥ à¤à¥ à¤¬à¥à¤à¤¾à¤°,à¤²à¤¹à¤¾à¤¨ à¤®à¥à¤²à¤¾à¤²à¤¾ à¤¤à¤¾à¤ª,"bachhe ko bukhar, chote bachhe ko bukhaar, baby ko fever, infant fever, 2 saal ke bachhe ko bukhaar, baccha tap raha hai, à¤¬à¤à¥à¤à¥ à¤à¥ à¤¬à¥à¤à¤¾à¤°, à¤à¥à¤à¥ à¤¬à¤à¥à¤à¥ à¤à¥ à¤¤à¥à¤ à¤¬à¥à¤à¤¾à¤°, à¤¶à¤¿à¤¶à¥ à¤à¥ à¤¬à¥à¤à¤¾à¤°, à¤²à¤¹à¤¾à¤¨ à¤®à¥à¤²à¤¾à¤²à¤¾ à¤¤à¤¾à¤ª, baby la tap, 2 varshache mul, chhota bacha bukhar",clinic,7,,,
S010,severe stomach pain,à¤ªà¥à¤ à¤®à¥à¤ à¤¤à¥à¤ à¤¦à¤°à¥à¤¦,à¤ªà¥à¤à¤¾à¤¤ à¤¦à¥à¤à¤£à¥,"pet mein dard, pet dard, stomach pain, pait dard, nabhi ke paas dard, pet mein marod, ulta seedha dard, aant mein dard, à¤ªà¥à¤ à¤®à¥à¤ à¤¦à¤°à¥à¤¦, à¤ªà¥à¤ à¤¦à¤°à¥à¤¦, à¤¨à¤¾à¤­à¤¿ à¤à¥ à¤ªà¤¾à¤¸ à¤¦à¤°à¥à¤¦, à¤à¤à¤¤ à¤®à¥à¤ à¤¦à¤°à¥à¤¦, à¤ªà¥à¤à¤¾à¤¤ à¤¦à¥à¤à¤£à¥, à¤ªà¥à¤ à¤¦à¥à¤à¤¤à¥, marod, pet mein ainth",clinic,6,,,
S011,eye pain,à¤à¤à¤ à¤®à¥à¤ à¤¦à¤°à¥à¤¦,à¤¡à¥à¤³à¤¾ à¤¦à¥à¤à¤£à¥,"aankh dukh rahi, aankh lal hai, aankh mein jalan, aankhein sujan, red eye, aankh se paani, aankh mein kuch pada hai, à¤à¤à¤ à¤¦à¥à¤ à¤°à¤¹à¥, à¤à¤à¤ à¤²à¤¾à¤² à¤¹à¥, à¤à¤à¤ à¤®à¥à¤ à¤à¤²à¤¨, à¤à¤à¤ à¤¸à¥à¤à¥, à¤¡à¥à¤³à¤¾ à¤¦à¥à¤à¤£à¥, à¤¡à¥à¤³à¤¾ à¤²à¤¾à¤², dola dukhto, aankh dard",clinic,5,,,
S012,ear pain,à¤à¤¾à¤¨ à¤®à¥à¤ à¤¦à¤°à¥à¤¦,à¤à¤¾à¤¨ à¤¦à¥à¤à¤£à¥,"kaan mein dard, kaan dukh raha, kaan se paani, kaan mein seeti, kaan bandh lag raha, hearing nahi, kaano mein awaz, à¤à¤¾à¤¨ à¤®à¥à¤ à¤¦à¤°à¥à¤¦, à¤à¤¾à¤¨ à¤¦à¥à¤ à¤°à¤¹à¤¾, à¤à¤¾à¤¨ à¤¸à¥ à¤ªà¤¾à¤¨à¥ à¤à¤¨à¤¾, à¤à¤¾à¤¨ à¤¦à¥à¤à¤£à¥, kaan dard, kan dukhto, kan band, seeti bajti hai kaan mein",clinic,5,,,
S013,suspected fracture,à¤¹à¤¡à¥à¤¡à¥ à¤à¥à¤à¤¨à¤¾,à¤¹à¤¾à¤¡ à¤®à¥à¤¡à¤£à¥,"haddi toot gayi, haddi mein dard, fracture, pair toot gaya, haath toot gaya, chot ke baad dard, sujan aur dard, à¤¹à¤¡à¥à¤¡à¥ à¤à¥à¤à¤¨à¤¾, à¤¹à¤¡à¥à¤¡à¥ à¤®à¥à¤ à¤¦à¤°à¥à¤¦, à¤«à¥à¤°à¥à¤à¥à¤à¤°, à¤ªà¥à¤° à¤à¥à¤ à¤à¤¯à¤¾, à¤¹à¤¾à¤¡ à¤®à¥à¤¡à¤£à¥, à¤¹à¤¾à¤¡ à¤¦à¥à¤à¤£à¥, had toda, fracture wala dard",clinic,7,,,
S014,urinary pain,à¤ªà¥à¤¶à¤¾à¤¬ à¤®à¥à¤ à¤à¤²à¤¨,à¤²à¤à¤µà¥à¤²à¤¾ à¤à¤³à¤à¤³,"peshab mein jalan, peshab karte waqt dard, baar baar peshab, toilet mein jalan, peshab kam hona, susu mein jalan, à¤ªà¥à¤¶à¤¾à¤¬ à¤®à¥à¤ à¤à¤²à¤¨, à¤¬à¤¾à¤° à¤¬à¤¾à¤° à¤ªà¥à¤¶à¤¾à¤¬, à¤ªà¥à¤¶à¤¾à¤¬ à¤à¤°à¤¤à¥ à¤µà¤à¥à¤¤ à¤¦à¤°à¥à¤¦, à¤²à¤à¤µà¥à¤²à¤¾ à¤à¤³à¤à¤³, bar bar lghvi, lghvi la tras, susu jalta hai",clinic,5,,,
S015,skin rash with fever,à¤¬à¥à¤à¤¾à¤° à¤à¥ à¤¸à¤¾à¤¥ à¤¦à¤¾à¤¨à¥,à¤à¤à¤à¤¾à¤µà¤° à¤ªà¥à¤°à¤³,"bukhar ke saath daane, body pe daane, chale nikal aaye, rash with fever, kharish aur bukhar, lal daane, à¤¬à¥à¤à¤¾à¤° à¤à¥ à¤¸à¤¾à¤¥ à¤¦à¤¾à¤¨à¥, à¤¶à¤°à¥à¤° à¤ªà¤° à¤¦à¤¾à¤¨à¥, à¤²à¤¾à¤² à¤à¤à¤¤à¥à¤¤à¥, à¤à¤à¤à¤¾à¤µà¤° à¤ªà¥à¤°à¤³, tap ani purul, daane nikal aaye, skin pe lal dabbe",clinic,6,,,
S016,vomiting 2+ days,à¤¦à¥ à¤¦à¤¿à¤¨ à¤¸à¥ à¤à¤²à¥à¤à¥,2 à¤¦à¤¿à¤µà¤¸à¤¾à¤à¤ªà¤¾à¤¸à¥à¤¨ à¤à¤²à¤à¥,"do din se ulti, ulti nahi ruk rahi, baar baar ulti, vomiting, kuch nahi ruk raha pet mein, sab bahar aa jata hai, à¤¦à¥ à¤¦à¤¿à¤¨ à¤¸à¥ à¤à¤²à¥à¤à¥, à¤¬à¤¾à¤° à¤¬à¤¾à¤° à¤à¤²à¥à¤à¥, à¤à¤²à¥à¤à¥ à¤¨à¤¹à¥à¤ à¤°à¥à¤à¤¤à¥, 2 à¤¦à¤¿à¤µà¤¸à¤¾à¤à¤ªà¤¾à¤¸à¥à¤¨ à¤à¤²à¤à¥, ulti thambat nahi, ulat ulat hote",clinic,6,,,
S017,diarrhea with blood,à¤¦à¤¸à¥à¤¤ à¤®à¥à¤ à¤à¥à¤¨,à¤à¥à¤²à¤¾à¤¬à¤¾à¤¤ à¤°à¤à¥à¤¤,"loose motion mein khoon, dast mein blood, pakhana mein lal, potty mein khoon, bleeding stool, khuni dast, à¤¦à¤¸à¥à¤¤ à¤®à¥à¤ à¤à¥à¤¨, à¤ªà¤¾à¤à¤¾à¤¨à¥ à¤®à¥à¤ à¤à¥à¤¨, à¤à¥à¤¨à¥ à¤¦à¤¸à¥à¤¤, à¤à¥à¤²à¤¾à¤¬à¤¾à¤¤ à¤°à¤à¥à¤¤, à¤¶à¥à¤à¤¾à¤¤ à¤°à¤à¥à¤¤, potty la rakt, dast mein lahu",clinic,7,,,
S018,pregnancy warning signs,à¤à¤°à¥à¤­à¤¾à¤µà¤¸à¥à¤¥à¤¾ à¤®à¥à¤ à¤¦à¤¿à¤à¥à¤à¤¤,à¤à¤°à¥à¤­à¤¾à¤¤ à¤¦à¥à¤à¤£à¥,"pregnancy mein dard, garbhavati ko dard, delivery se pehle dard, pet mein dard pregnant, bleeding in pregnancy, garba mein problem, à¤à¤°à¥à¤­à¤¾à¤µà¤¸à¥à¤¥à¤¾ à¤®à¥à¤ à¤¦à¤¿à¤à¥à¤à¤¤, à¤ªà¥à¤°à¥à¤à¤¨à¥à¤à¤¸à¥ à¤®à¥à¤ à¤¦à¤°à¥à¤¦, à¤à¤°à¥à¤­à¤µà¤¤à¥ à¤à¥ à¤à¥à¤¨, à¤à¤°à¥à¤­à¤¾à¤¤ à¤¦à¥à¤à¤£à¥, delivery aane wali, pregnancy bleeding, bacha hone wala dard",clinic,7,,,
S019,high blood pressure,à¤¬à¥à¤ªà¥ à¤¬à¤¢à¤¼à¤¨à¤¾,BP à¤µà¤¾à¤¢à¤²à¤¾,"BP badh gaya, high BP, chakkar aa rahe, sar bhaari lag raha, BP high hai, BP 140, tension badh gaya, BP ki problem, à¤¬à¥à¤ªà¥ à¤¬à¤¢à¤¼à¤¨à¤¾, à¤à¤à¥à¤à¤° à¤à¤¨à¤¾, à¤¸à¤¿à¤° à¤­à¤¾à¤°à¥, à¤¹à¤¾à¤ à¤¬à¥à¤ªà¥, BP à¤µà¤¾à¤¢à¤²à¤¾, BP à¤à¤¾à¤¸à¥à¤¤, BP high ahe, BP ki dawai khatam",clinic,6,,,
S020,diabetes dizziness,à¤¶à¥à¤à¤° à¤¸à¥ à¤à¤à¥à¤à¤°,à¤¸à¤¾à¤à¤° à¤à¤¾à¤¸à¥à¤¤,"sugar se chakkar, sugar high hai, sugar low hai, diabetes chakkar, meetha khane ke baad chakkar, sugar ki dawai li nahi, à¤¶à¥à¤à¤° à¤¸à¥ à¤à¤à¥à¤à¤°, à¤¶à¥à¤à¤° à¤¹à¤¾à¤, à¤¡à¤¾à¤¯à¤¬à¤¿à¤à¥à¤, à¤¸à¤¾à¤à¤° à¤à¤¾à¤¸à¥à¤¤, sugar problem, diabetes ka chakkar, sugar nahi li dawai",clinic,6,,,
S021,mild headache,à¤¹à¤²à¥à¤à¤¾ à¤¸à¤¿à¤° à¤¦à¤°à¥à¤¦,à¤¡à¥à¤à¥ à¤¦à¥à¤à¤£à¥,"sir dard, sar dard, halka sir dard, headache, sar mein dard, sar bhaari, aankhon ke upar dard, stress headache, à¤¹à¤²à¥à¤à¤¾ à¤¸à¤¿à¤° à¤¦à¤°à¥à¤¦, à¤¸à¤¿à¤° à¤¦à¤°à¥à¤¦, à¤¸à¤° à¤¦à¤°à¥à¤¦, à¤¡à¥à¤à¥ à¤¦à¥à¤à¤£à¥, halke doke dukhne, doke dukh ahe, sar ka dard",self-care,2,"Rest in a quiet dark room. Drink plenty of water. Take paracetamol if needed. If headache lasts more than 2 days or is very severe, visit a clinic.",à¤à¤à¤§à¥à¤°à¥ à¤à¤° à¤¶à¤¾à¤à¤¤ à¤à¤®à¤°à¥ à¤®à¥à¤ à¤à¤°à¤¾à¤® à¤à¤°à¥à¤à¥¤ à¤à¥à¤¬ à¤ªà¤¾à¤¨à¥ à¤ªà¤¿à¤à¤à¥¤ à¤à¤°à¥à¤°à¤¤ à¤¹à¥ à¤¤à¥ à¤ªà¥à¤°à¤¾à¤¸à¤¿à¤à¤¾à¤®à¥à¤² à¤²à¥à¤à¥¤ à¤à¤à¤° 2 à¤¦à¤¿à¤¨ à¤¸à¥ à¤à¥à¤¯à¤¾à¤¦à¤¾ à¤¸à¤¿à¤° à¤¦à¤°à¥à¤¦ à¤¹à¥ à¤¤à¥ à¤¡à¥à¤à¥à¤à¤° à¤à¥ à¤ªà¤¾à¤¸ à¤à¤¾à¤à¤à¥¤,
S022,common cold,à¤¸à¤°à¥à¤¦à¥ à¤à¥à¤à¤¾à¤®,à¤¸à¤°à¥à¤¦à¥ à¤ªà¤¡à¤²à¥,"sardi, jukam, sardi jukam, naak beh rahi, naak jam gayi, cold, nazla, naak se paani, chheenk aa rahi, runny nose, à¤¸à¤°à¥à¤¦à¥, à¤à¥à¤à¤¾à¤®, à¤¨à¤¾à¤ à¤¬à¤¹ à¤°à¤¹à¥, à¤¨à¤¾à¤ à¤¬à¤à¤¦, à¤¸à¤°à¥à¤¦à¥ à¤ªà¤¡à¤²à¥, naak band, naak vaahte, sardi zukam",self-care,2,"Rest well. Drink warm water and liquids. Steam inhalation helps. Take paracetamol for fever. If cold lasts more than 5 days, see a doctor.",à¤à¤à¥à¤à¥ à¤¸à¥ à¤à¤°à¤¾à¤® à¤à¤°à¥à¤à¥¤ à¤à¤°à¥à¤® à¤ªà¤¾à¤¨à¥ à¤à¤° à¤¤à¤°à¤² à¤ªà¤¦à¤¾à¤°à¥à¤¥ à¤ªà¤¿à¤à¤à¥¤ à¤­à¤¾à¤ª à¤²à¥à¤¨à¤¾ à¤«à¤¾à¤¯à¤¦à¥à¤®à¤à¤¦ à¤¹à¥à¥¤ à¤¬à¥à¤à¤¾à¤° à¤¹à¥ à¤¤à¥ à¤ªà¥à¤°à¤¾à¤¸à¤¿à¤à¤¾à¤®à¥à¤² à¤²à¥à¤à¥¤ 5 à¤¦à¤¿à¤¨ à¤¸à¥ à¤à¥à¤¯à¤¾à¤¦à¤¾ à¤¸à¤°à¥à¤¦à¥ à¤°à¤¹à¥ à¤¤à¥ à¤¡à¥à¤à¥à¤à¤° à¤¸à¥ à¤®à¤¿à¤²à¥à¤à¥¤,
S023,mild fever,à¤¹à¤²à¥à¤à¤¾ à¤¬à¥à¤à¤¾à¤°,à¤¥à¥à¤¡à¤¾ à¤¤à¤¾à¤ª,"halka bukhar, thoda bukhar, aaj bukhar hai, 99 fever, low grade fever, thodi garmi, body garm hai, taapman thoda badha, à¤¹à¤²à¥à¤à¤¾ à¤¬à¥à¤à¤¾à¤°, à¤¥à¥à¤¡à¤¼à¤¾ à¤¬à¥à¤à¤¾à¤°, à¤à¤ à¤¬à¥à¤à¤¾à¤° à¤¹à¥, à¤¥à¥à¤¡à¤¾ à¤¤à¤¾à¤ª, halka tap, 1 divsa bukhar, body garam ahe",self-care,3,"Rest and drink plenty of fluids. Take paracetamol (500mg) every 6 hours. Apply wet cloth on forehead. If fever goes above 101F or lasts more than 2 days, visit clinic.",à¤à¤°à¤¾à¤® à¤à¤°à¥à¤ à¤à¤° à¤à¥à¤¬ à¤ªà¤¾à¤¨à¥ à¤ªà¤¿à¤à¤à¥¤ à¤¹à¤° 6 à¤à¤à¤à¥ à¤®à¥à¤ à¤ªà¥à¤°à¤¾à¤¸à¤¿à¤à¤¾à¤®à¥à¤² (500mg) à¤²à¥à¤à¥¤ à¤®à¤¾à¤¥à¥ à¤ªà¤° à¤à¥à¤²à¤¾ à¤à¤ªà¤¡à¤¼à¤¾ à¤°à¤à¥à¤à¥¤ à¤¬à¥à¤à¤¾à¤° 101 à¤¸à¥ à¤à¥à¤¯à¤¾à¤¦à¤¾ à¤¹à¥ à¤¯à¤¾ 2 à¤¦à¤¿à¤¨ à¤¸à¥ à¤à¥à¤¯à¤¾à¤¦à¤¾ à¤°à¤¹à¥ à¤¤à¥ à¤à¥à¤²à¤¿à¤¨à¤¿à¤ à¤à¤¾à¤à¤à¥¤,Escalate if child under 5 or fever above 101F
S024,mild diarrhea,à¤¹à¤²à¥à¤à¥ à¤¦à¤¸à¥à¤¤,à¤à¥à¤²à¤¾à¤¬,"dast, loose motion, halke dast, paani jaisa potty, 2 baar dast, stomach upset, pet kharab, halki potty, à¤¹à¤²à¥à¤à¥ à¤¦à¤¸à¥à¤¤, à¤ªà¥à¤ à¤à¤°à¤¾à¤¬, à¤¢à¥à¤²à¤¾ à¤ªà¥à¤, à¤à¥à¤²à¤¾à¤¬, halke jullab, pet kharab ahe, 2 vela jullab",self-care,3,"Drink ORS (oral rehydration solution) â mix 1 packet in 1 litre water. Eat simple food like khichdi or rice. Avoid oily food. If diarrhea continues more than 2 days or there is blood, go to clinic.",ORS à¤ªà¤¿à¤à¤ â 1 à¤ªà¥à¤à¥à¤ 1 à¤²à¥à¤à¤° à¤ªà¤¾à¤¨à¥ à¤®à¥à¤ à¤®à¤¿à¤²à¤¾à¤à¤à¥¤ à¤à¤¿à¤à¤¡à¤¼à¥ à¤¯à¤¾ à¤à¤¾à¤µà¤² à¤à¤¾à¤à¤à¥¤ à¤¤à¥à¤² à¤µà¤¾à¤²à¤¾ à¤à¤¾à¤¨à¤¾ à¤¨ à¤à¤¾à¤à¤à¥¤ 2 à¤¦à¤¿à¤¨ à¤¸à¥ à¤à¥à¤¯à¤¾à¤¦à¤¾ à¤¦à¤¸à¥à¤¤ à¤¹à¥ à¤¯à¤¾ à¤à¥à¤¨ à¤à¤ à¤¤à¥ à¤à¥à¤²à¤¿à¤¨à¤¿à¤ à¤à¤¾à¤à¤à¥¤,
S025,acidity heartburn,à¤à¤¸à¤¿à¤¡à¤¿à¤à¥,à¤à¤®à¥à¤¬à¤à¤ªà¤£à¤¾,"acidity, seene mein jalan, khane ke baad jalan, gas, gas problem, pet mein gas, dakar, ulta feel hona, khatta aana, acid, à¤à¤¸à¤¿à¤¡à¤¿à¤à¥, à¤¸à¥à¤¨à¥ à¤®à¥à¤ à¤à¤²à¤¨, à¤à¤¾à¤¨à¥ à¤à¥ à¤¬à¤¾à¤¦ à¤à¤²à¤¨, à¤à¥à¤¸, à¤à¤®à¥à¤¬à¤à¤ªà¤£à¤¾, acidity ahe, dakar yete, jalan chati madhe",self-care,2,Avoid spicy and oily food. Drink cold milk or plain water. Do not lie down immediately after eating. Take antacid if available. Eat smaller meals more often.,à¤®à¤¸à¤¾à¤²à¥à¤¦à¤¾à¤° à¤à¤° à¤¤à¥à¤² à¤µà¤¾à¤²à¤¾ à¤à¤¾à¤¨à¤¾ à¤¨ à¤à¤¾à¤à¤à¥¤ à¤ à¤à¤¡à¤¾ à¤¦à¥à¤§ à¤¯à¤¾ à¤¸à¤¾à¤¦à¤¾ à¤ªà¤¾à¤¨à¥ à¤ªà¤¿à¤à¤à¥¤ à¤à¤¾à¤¨à¥ à¤à¥ à¤¤à¥à¤°à¤à¤¤ à¤¬à¤¾à¤¦ à¤¨ à¤²à¥à¤à¥à¤à¥¤ à¤à¤à¤à¤¾à¤¸à¤¿à¤¡ à¤²à¥à¤à¥¤ à¤¥à¥à¤¡à¤¼à¤¾-à¤¥à¥à¤¡à¤¼à¤¾ à¤à¤° à¤¬à¤¾à¤°-à¤¬à¤¾à¤° à¤à¤¾à¤à¤à¥¤,
S026,mild body ache,à¤¬à¤¦à¤¨ à¤¦à¤°à¥à¤¦,à¤à¤à¤ à¤¦à¥à¤à¤£à¥,"badan dard, body dard, haath pair dard, thakaan, body pain, muscle dard, poora body dukh raha, angg dard, à¤¬à¤¦à¤¨ à¤¦à¤°à¥à¤¦, à¤¹à¤¾à¤¥ à¤ªà¥à¤° à¤¦à¤°à¥à¤¦, à¤¥à¤à¤¾à¤¨, à¤à¤à¤ à¤¦à¥à¤à¤£à¥, body dukhte, ang dukh ahe, thakwa",self-care,2,"Rest well. Take paracetamol for pain. Apply warm compress on painful areas. Drink plenty of water. If body ache comes with high fever, visit clinic.",à¤à¤à¥à¤à¥ à¤¸à¥ à¤à¤°à¤¾à¤® à¤à¤°à¥à¤à¥¤ à¤¦à¤°à¥à¤¦ à¤à¥ à¤²à¤¿à¤ à¤ªà¥à¤°à¤¾à¤¸à¤¿à¤à¤¾à¤®à¥à¤² à¤²à¥à¤à¥¤ à¤¦à¤°à¥à¤¦ à¤µà¤¾à¤²à¥ à¤à¤à¤¹ à¤à¤°à¥à¤® à¤¸à¥à¤à¤ à¤à¤°à¥à¤à¥¤ à¤à¥à¤¬ à¤ªà¤¾à¤¨à¥ à¤ªà¤¿à¤à¤à¥¤ à¤¬à¤¦à¤¨ à¤¦à¤°à¥à¤¦ à¤à¥ à¤¸à¤¾à¤¥ à¤¤à¥à¤ à¤¬à¥à¤à¤¾à¤° à¤¹à¥ à¤¤à¥ à¤à¥à¤²à¤¿à¤¨à¤¿à¤ à¤à¤¾à¤à¤à¥¤,
S027,insect bite minor,à¤à¥à¤¡à¤¼à¥ à¤¨à¥ à¤à¤¾à¤à¤¾,à¤à¤¿à¤¡à¤¾ à¤à¤¾à¤µà¤²à¤¾,"keede ne kata, machhar kata, makhi kata, choti si chot keede se, insect bite, daank mara, chota sa sujan keede se, à¤à¥à¤¡à¤¼à¥ à¤¨à¥ à¤à¤¾à¤à¤¾, à¤®à¤à¥à¤à¤° à¤à¤¾à¤à¤¾, à¤à¥à¤à¤¾ à¤¦à¤à¤¶, à¤à¤¿à¤¡à¤¾ à¤à¤¾à¤µà¤²à¤¾, maashi chavli, chota daank, insect ne kata",self-care,2,"Clean the area with soap and water. Apply ice pack to reduce swelling. Take antihistamine if available for itching. If swelling spreads rapidly or you feel breathless, go to emergency immediately.",à¤à¤à¤¹ à¤à¥ à¤¸à¤¾à¤¬à¥à¤¨-à¤ªà¤¾à¤¨à¥ à¤¸à¥ à¤¸à¤¾à¤« à¤à¤°à¥à¤à¥¤ à¤¸à¥à¤à¤¨ à¤à¤® à¤à¤°à¤¨à¥ à¤à¥ à¤²à¤¿à¤ à¤¬à¤°à¥à¤« à¤²à¤à¤¾à¤à¤à¥¤ à¤à¥à¤à¤²à¥ à¤¹à¥ à¤¤à¥ à¤à¤à¤à¥à¤¹à¤¿à¤¸à¥à¤à¤¾à¤®à¤¾à¤à¤¨ à¤²à¥à¤à¥¤ à¤à¤à¤° à¤¸à¥à¤à¤¨ à¤¬à¤¢à¤¼à¥ à¤¯à¤¾ à¤¸à¤¾à¤à¤¸ à¤²à¥à¤¨à¥ à¤®à¥à¤ à¤¤à¤à¤²à¥à¤« à¤¹à¥ à¤¤à¥ à¤¤à¥à¤°à¤à¤¤ à¤à¤¸à¥à¤ªà¤¤à¤¾à¤² à¤à¤¾à¤à¤à¥¤,Escalate if bite is from snake/scorpion â that is Emergency S006
S028,minor cut bruise,à¤à¥à¤à¥ à¤à¥à¤,à¤à¥à¤à¥ à¤à¤à¤®,"choti chot, khraoch, halka ghaav, chhoti si cutting, finger cut, nakhun se chot, girne se chot, khun thoda nikla, à¤à¥à¤à¥ à¤à¥à¤, à¤à¤°à¥à¤à¤, à¤¹à¤²à¥à¤à¤¾ à¤à¤¾à¤µ, à¤à¥à¤à¥ à¤à¤à¤®, choti jakhm, halki jakhm, khraoch aayi",self-care,2,"Clean the wound with clean water. Apply antiseptic (Dettol/Savlon) if available. Cover with a clean cloth or bandage. If cut is deep or bleeding does not stop in 10 minutes, go to clinic.",à¤à¤¾à¤µ à¤à¥ à¤¸à¤¾à¤« à¤ªà¤¾à¤¨à¥ à¤¸à¥ à¤§à¥à¤à¤à¥¤ Dettol à¤¯à¤¾ Savlon à¤²à¤à¤¾à¤à¤à¥¤ à¤¸à¤¾à¤« à¤à¤ªà¤¡à¤¼à¥ à¤¯à¤¾ à¤ªà¤à¥à¤à¥ à¤¸à¥ à¤¢à¤à¥à¤à¥¤ à¤à¤à¤° à¤à¤ à¤à¤¹à¤°à¤¾ à¤¹à¥ à¤¯à¤¾ 10 à¤®à¤¿à¤¨à¤ à¤®à¥à¤ à¤à¥à¤¨ à¤¨ à¤°à¥à¤à¥ à¤¤à¥ à¤à¥à¤²à¤¿à¤¨à¤¿à¤ à¤à¤¾à¤à¤à¥¤,
S029,constipation,à¤à¤¬à¥à¤,à¤¬à¤¦à¥à¤§à¤à¥à¤·à¥à¤ à¤¤à¤¾,"kabj, potty nahi ho rahi, 2 din se latrine nahi, pet saaf nahi, hard potty, constipation, mala band, toilet nahi hua, à¤à¤¬à¥à¤, à¤ªà¥à¤ à¤¸à¤¾à¤« à¤¨à¤¹à¥à¤, à¤¦à¥ à¤¦à¤¿à¤¨ à¤¸à¥ à¤¶à¥à¤ à¤¨à¤¹à¥à¤, à¤¬à¤¦à¥à¤§à¤à¥à¤·à¥à¤ à¤¤à¤¾, 2 divs potty nahi, pet saaf nahi ahe, kabjiyat",self-care,1,"Drink plenty of warm water. Eat fruits and vegetables with fibre. Walk or do light exercise. Avoid processed food. If no motion for 4+ days, visit clinic.",à¤à¤°à¥à¤® à¤ªà¤¾à¤¨à¥ à¤à¥à¤¬ à¤ªà¤¿à¤à¤à¥¤ à¤«à¤² à¤à¤° à¤¸à¤¬à¥à¤à¤¿à¤¯à¤¾à¤ à¤à¤¾à¤à¤à¥¤ à¤¹à¤²à¥à¤à¥ à¤¸à¥à¤° à¤à¤°à¥à¤à¥¤ à¤ªà¥à¤°à¥à¤¸à¥à¤¸à¥à¤¡ à¤à¤¾à¤¨à¤¾ à¤¨ à¤à¤¾à¤à¤à¥¤ 4 à¤¦à¤¿à¤¨ à¤¸à¥ à¤à¥à¤¯à¤¾à¤¦à¤¾ à¤ªà¥à¤ à¤¸à¤¾à¤« à¤¨ à¤¹à¥ à¤¤à¥ à¤à¥à¤²à¤¿à¤¨à¤¿à¤ à¤à¤¾à¤à¤à¥¤,
S030,mild cough,à¤¹à¤²à¥à¤à¥ à¤à¤¾à¤à¤¸à¥,à¤à¥à¤à¤²à¤¾,"khansi, halki khansi, khasi, thodi khansi, dry cough, khaansi aa rahi, gale mein kharaash, throat itching, sukhi khansi, à¤¹à¤²à¥à¤à¥ à¤à¤¾à¤à¤¸à¥, à¤¸à¥à¤à¥ à¤à¤¾à¤à¤¸à¥, à¤à¤²à¥ à¤®à¥à¤ à¤à¤°à¤¾à¤¶, à¤à¥à¤à¤²à¤¾, halka khokla, gala dukhto, khansi aa rahi hai",self-care,2,"Drink warm water with honey and ginger. Gargle with warm salt water. Avoid cold drinks and ice cream. If cough lasts more than 2 weeks or there is blood in cough, visit clinic immediately.",à¤¶à¤¹à¤¦ à¤à¤° à¤à¤¦à¤°à¤ à¤à¥ à¤¸à¤¾à¤¥ à¤à¤°à¥à¤® à¤ªà¤¾à¤¨à¥ à¤ªà¤¿à¤à¤à¥¤ à¤à¤°à¥à¤® à¤¨à¤®à¤ à¤à¥ à¤ªà¤¾à¤¨à¥ à¤¸à¥ à¤à¤°à¤¾à¤°à¥ à¤à¤°à¥à¤à¥¤ à¤ à¤à¤¡à¥ à¤ªà¥à¤¯ à¤à¤° à¤à¤à¤¸à¤à¥à¤°à¥à¤® à¤¸à¥ à¤¬à¤à¥à¤à¥¤ 2 à¤¹à¤«à¥à¤¤à¥ à¤¸à¥ à¤à¥à¤¯à¤¾à¤¦à¤¾ à¤à¤¾à¤à¤¸à¥ à¤¹à¥ à¤¯à¤¾ à¤à¥à¤¨ à¤à¤ à¤¤à¥ à¤¤à¥à¤°à¤à¤¤ à¤à¥à¤²à¤¿à¤¨à¤¿à¤ à¤à¤¾à¤à¤à¥¤,
S031,suspected cancer lump,à¤à¤¾à¤à¤  à¤¯à¤¾ à¤°à¤¸à¥à¤²à¥,à¤à¤¾à¤ ,"ganth, rasauli, lump, gaanth badi ho rahi, body mein gaanth, pet mein gaanth, kaanch ki gaanth, à¤à¤¾à¤à¤ , à¤°à¤¸à¥à¤²à¥, à¤¶à¤°à¥à¤° à¤®à¥à¤ à¤à¤¾à¤à¤ , à¤à¤¾à¤  à¤µà¤¾à¤¢à¤¤à¥à¤¯, à¤à¤à¤à¤¾à¤¤ à¤à¤¾à¤ , lump growing, hard lump body",clinic,8,,,Refer to district hospital immediately for biopsy
S032,blood in urine,à¤ªà¥à¤¶à¤¾à¤¬ à¤®à¥à¤ à¤à¥à¤¨,à¤²à¤à¤µà¥à¤¤ à¤°à¤à¥à¤¤,"peshab mein khoon, urine mein blood, lal peshab, susu mein lal rang, à¤ªà¥à¤¶à¤¾à¤¬ à¤®à¥à¤ à¤à¥à¤¨, à¤ªà¥à¤¶à¤¾à¤¬ à¤²à¤¾à¤², à¤²à¤à¤µà¥à¤¤ à¤°à¤à¥à¤¤, lal susu, blood urine, haematuria",clinic,7,,,Can indicate kidney/bladder cancer or infection â must investigate
S033,unexplained weight loss,à¤¬à¤¿à¤¨à¤¾ à¤à¤¾à¤°à¤£ à¤µà¤à¤¨ à¤à¤® à¤¹à¥à¤¨à¤¾,à¤à¤¾à¤°à¤£ à¤¨à¤¸à¤¤à¤¾à¤¨à¤¾ à¤µà¤à¤¨ à¤à¤®à¥,"achanak wajan kam ho gaya, bina khaana chhode wajan gira, kamzori bina reason, à¤µà¤à¤¨ à¤à¤® à¤¹à¥ à¤°à¤¹à¤¾, à¤à¤à¤¾à¤¨à¤ à¤ªà¤¤à¤²à¤¾ à¤¹à¥ à¤à¤¯à¤¾, à¤µà¤à¤¨ à¤à¤à¤¤à¤à¤¯, weight loss without reason, weight kam ho raha",clinic,7,,,"Red flag for cancer, TB, or diabetes â needs investigation"
S034,persistent cough with blood,à¤à¤¾à¤à¤¸à¥ à¤®à¥à¤ à¤à¥à¤¨,à¤à¥à¤à¤²à¥à¤¯à¤¾à¤¤ à¤°à¤à¥à¤¤,"khansi mein khoon, khoon aa raha khansi mein, blood cough, TB, tuberkulosis, chest mein dard khansi ke saath, à¤à¤¾à¤à¤¸à¥ à¤®à¥à¤ à¤à¥à¤¨, à¤à¥à¤¨ à¤ à¤°à¤¹à¤¾, à¤à¥à¤à¤²à¥à¤¯à¤¾à¤¤ à¤°à¤à¥à¤¤, blood aa raha khanste waqt",emergency,9,,,Possible TB or lung cancer â emergency referral
S035,jaundice,à¤ªà¥à¤²à¤¿à¤¯à¤¾,à¤à¤¾à¤µà¤¿à¤³,"piliya, aankhen peeli, skin peeli, jaundice, liver problem, à¤ªà¥à¤²à¤¿à¤¯à¤¾, à¤à¤à¤à¥à¤ à¤ªà¥à¤²à¥, à¤¤à¥à¤µà¤à¤¾ à¤ªà¥à¤²à¥, à¤à¤¾à¤µà¤¿à¤³, à¤¡à¥à¤³à¥ à¤ªà¤¿à¤µà¤³à¥, pet mein dard jaundice, liver swell",clinic,7,,,Possible hepatitis or liver disease
S036,malaria,à¤®à¤²à¥à¤°à¤¿à¤¯à¤¾,à¤®à¤²à¥à¤°à¤¿à¤¯à¤¾,"malaria, thandi ke baad bukhar, kapkapi ke saath bukhar, machhar ke baad bukhar, palms cold then hot, baar baar bukhar aana jaana, à¤®à¤²à¥à¤°à¤¿à¤¯à¤¾, à¤ à¤à¤¡à¥ à¤à¥ à¤¬à¤¾à¤¦ à¤¬à¥à¤à¤¾à¤°, à¤à¤à¤ªà¤à¤à¤ªà¥, à¤®à¤²à¥à¤°à¤¿à¤¯à¤¾ à¤à¤¾ à¤¤à¤¾à¤ª, à¤¥à¤à¤¡à¥ à¤¤à¤¾à¤ª, malaria fever, chills fever",clinic,7,,,Common in monsoon â needs blood test
S037,dengue,à¤¡à¥à¤à¤à¥,à¤¡à¥à¤à¤à¥,"dengue, haddi toda bukhar, aankhon ke peeche dard, body mein bahut dard bukhar ke saath, platelet kam, daane bukhar ke saath, à¤¡à¥à¤à¤à¥, à¤¹à¤¡à¥à¤¡à¥ à¤¤à¥à¤¡à¤¼ à¤¬à¥à¤à¤¾à¤°, à¤à¤à¤à¥à¤ à¤à¥ à¤ªà¥à¤à¥ à¤¦à¤°à¥à¤¦, à¤¡à¥à¤à¤à¥à¤à¤¾ à¤¤à¤¾à¤ª, bone pain fever, dengue fever",clinic,8,,,Needs platelet monitoring â clinic urgently
S038,typhoid,à¤à¤¾à¤à¤«à¥à¤à¤¡,à¤µà¤¿à¤·à¤®à¤à¥à¤µà¤°,"typhoid, tej bukhar ek hafte se, pet dard bukhar ke saath, motions ke saath bukhar, à¤à¤¾à¤à¤«à¥à¤à¤¡, à¤¹à¤«à¥à¤¤à¥ à¤­à¤° à¤¬à¥à¤à¤¾à¤°, à¤ªà¥à¤ à¤¦à¤°à¥à¤¦ à¤¬à¥à¤à¤¾à¤°, à¤µà¤¿à¤·à¤®à¤à¥à¤µà¤°, typhoid fever, week long fever stomach pain",clinic,7,,,Needs Widal test â clinic
S039,chikungunya,à¤à¤¿à¤à¤¨à¤à¥à¤¨à¤¿à¤¯à¤¾,à¤à¤¿à¤à¤¨à¤à¥à¤¨à¤¿à¤¯à¤¾,"chikungunya, jodo mein bahut dard bukhar ke saath, haath pair dard bukhar, joint pain fever, à¤à¤¿à¤à¤¨à¤à¥à¤¨à¤¿à¤¯à¤¾, à¤à¥à¤¡à¤¼à¥à¤ à¤®à¥à¤ à¤¦à¤°à¥à¤¦ à¤¬à¥à¤à¤¾à¤°, à¤¸à¤¾à¤à¤§à¥ à¤¦à¥à¤à¤£à¥ à¤¤à¤¾à¤ª, joint swelling fever, body ache high fever",clinic,6,,,
S040,cholera,à¤¹à¥à¤à¤¾,à¤à¥à¤²à¤°à¤¾,"haija, bahut zyada dast aur ulti, pani jaisa dast, cholera, dehydration bahut zyada, à¤¹à¥à¤à¤¾, à¤¬à¤¹à¥à¤¤ à¤¦à¤¸à¥à¤¤ à¤à¤²à¥à¤à¥, à¤à¥à¤²à¤°à¤¾, à¤ªà¤¾à¤£à¥ à¤¸à¤¾à¤°à¤à¥ à¤à¥à¤²à¤¾à¤¬, rice water stool, severe dehydration vomiting diarrhea",emergency,9,,,Life threatening dehydration â emergency
S041,child not eating,à¤¬à¤à¥à¤à¤¾ à¤à¤¾à¤¨à¤¾ à¤¨à¤¹à¥à¤ à¤à¤¾ à¤°à¤¹à¤¾,à¤®à¥à¤² à¤à¥à¤µà¤¤ à¤¨à¤¾à¤¹à¥,"bachha khana nahi kha raha, baby feeding nahi kar raha, infant nahi pi raha, à¤¬à¤à¥à¤à¤¾ à¤à¤¾à¤¨à¤¾ à¤¨à¤¹à¥à¤ à¤à¤¾à¤¤à¤¾, à¤¬à¤à¥à¤à¥ à¤à¥ à¤­à¥à¤ à¤¨à¤¹à¥à¤, à¤®à¥à¤² à¤à¤¾à¤¤ à¤¨à¤¾à¤¹à¥, baby not feeding, child refusing food, infant not drinking milk",clinic,6,,,Especially serious if under 2 years
S042,child diarrhea with dehydration,à¤¬à¤à¥à¤à¥ à¤à¥ à¤¦à¤¸à¥à¤¤ à¤à¤° à¤à¤®à¤à¥à¤°à¥,à¤®à¥à¤²à¤¾à¤²à¤¾ à¤à¥à¤²à¤¾à¤¬ à¤à¤£à¤¿ à¤à¤¶à¤à¥à¤¤à¤ªà¤£à¤¾,"bachhe ko dast aur kamzori, baby loose motion, infant dehydration, bachha susti mein hai dast ke saath, à¤¬à¤à¥à¤à¥ à¤à¥ à¤¦à¤¸à¥à¤¤, à¤¬à¤à¥à¤à¤¾ à¤à¤®à¤à¤¼à¥à¤°, à¤®à¥à¤²à¤¾à¤²à¤¾ à¤à¥à¤²à¤¾à¤¬, baby diarrhea weak, child loose motion dehydration",emergency,8,,,Dehydration in children is rapid â emergency
S043,newborn jaundice,à¤¨à¤µà¤à¤¾à¤¤ à¤¶à¤¿à¤¶à¥ à¤ªà¥à¤²à¤¿à¤¯à¤¾,à¤¨à¤µà¤à¤¾à¤¤ à¤à¤¾à¤µà¤¿à¤³,"naye bachhe ko piliya, nawajaaat baby peela, infant jaundice, à¤¨à¤µà¤à¤¾à¤¤ à¤ªà¥à¤²à¤¿à¤¯à¤¾, à¤¶à¤¿à¤¶à¥ à¤ªà¥à¤²à¤¾, à¤¨à¤µà¤à¤¾à¤¤ à¤à¤¾à¤µà¤¿à¤³, newborn yellow skin, baby yellow eyes, infant jaundice",clinic,7,,,Common but needs monitoring â clinic within 24hrs
S044,child breathing fast,à¤¬à¤à¥à¤à¥ à¤à¥ à¤¤à¥à¤ à¤¸à¤¾à¤à¤¸,à¤®à¥à¤²à¤¾à¤²à¤¾ à¤à¤²à¤¦ à¤¶à¥à¤µà¤¾à¤¸,"bachhe ko tez saans, baby saans bahut fast, infant rapid breathing, bachhe ki saans ki awaz, à¤¬à¤à¥à¤à¥ à¤à¥ à¤¤à¥à¤ à¤¸à¤¾à¤à¤¸, à¤¶à¤¿à¤¶à¥ à¤à¥ à¤¸à¤¾à¤à¤¸, à¤®à¥à¤²à¤¾à¤²à¤¾ à¤à¤²à¤¦ à¤¶à¥à¤µà¤¾à¤¸, child fast breathing, baby breathing noise, infant respiratory",emergency,9,,,Pneumonia indicator in children â emergency
S045,child rash measles,à¤¬à¤à¥à¤à¥ à¤à¥ à¤à¤¸à¤°à¤¾,à¤®à¥à¤²à¤¾à¤²à¤¾ à¤à¥à¤µà¤°,"khasra, bachhe ko daane bukhar ke saath, measles, bachhe ka poora badan daane, à¤¬à¤à¥à¤à¥ à¤à¥ à¤à¤¸à¤°à¤¾, à¤à¥à¤µà¤°, à¤®à¥à¤²à¤¾à¤²à¤¾ à¤à¥à¤µà¤°, child rash fever measles, red rash child fever whole body",clinic,7,,,Highly contagious â isolate and visit clinic
S046,irregular periods,à¤®à¤¾à¤¸à¤¿à¤ à¤§à¤°à¥à¤® à¤à¤¨à¤¿à¤¯à¤®à¤¿à¤¤,à¤à¤¨à¤¿à¤¯à¤®à¤¿à¤¤ à¤®à¤¾à¤¸à¤¿à¤ à¤ªà¤¾à¤³à¥,"periods nahi aa rahi, mahavari band ho gayi, irregular MC, periods late, à¤®à¤¾à¤¸à¤¿à¤ à¤§à¤°à¥à¤® à¤¨à¤¹à¥à¤ à¤à¤¯à¤¾, à¤®à¤¾à¤¹à¤µà¤¾à¤°à¥ à¤¬à¤à¤¦, à¤à¤¨à¤¿à¤¯à¤®à¤¿à¤¤ à¤®à¤¾à¤¸à¤¿à¤ à¤ªà¤¾à¤³à¥, MC nahi aaya, periods irregular, menstrual problem",clinic,5,,,
S047,heavy menstrual bleeding,à¤®à¤¾à¤¹à¤µà¤¾à¤°à¥ à¤®à¥à¤ à¤¬à¤¹à¥à¤¤ à¤à¥à¤¨,à¤®à¤¾à¤¸à¤¿à¤ à¤ªà¤¾à¤³à¥à¤¤ à¤à¤¾à¤¸à¥à¤¤ à¤°à¤à¥à¤¤,"bahut zyada MC, periods mein bahut khoon, heavy bleeding periods, mahavari mein zyada khoon, à¤®à¤¾à¤¹à¤µà¤¾à¤°à¥ à¤®à¥à¤ à¤à¥à¤¯à¤¾à¤¦à¤¾ à¤à¥à¤¨, à¤®à¤¾à¤¸à¤¿à¤ à¤ªà¤¾à¤³à¥à¤¤ à¤à¤¾à¤¸à¥à¤¤ à¤°à¤à¥à¤¤, heavy period bleeding, clots in periods",clinic,7,,,Can indicate fibroids or hormonal issue
S048,breast lump,à¤¸à¥à¤¤à¤¨ à¤®à¥à¤ à¤à¤¾à¤à¤ ,à¤¸à¥à¤¤à¤¨à¤¾à¤¤ à¤à¤¾à¤ ,"chhati mein ganth, breast mein gaanth, stan mein gaanth, à¤¸à¥à¤¤à¤¨ à¤®à¥à¤ à¤à¤¾à¤à¤ , à¤à¤¾à¤¤à¥ à¤®à¥à¤ à¤à¤¾à¤à¤ , à¤¸à¥à¤¤à¤¨à¤¾à¤¤ à¤à¤¾à¤ , breast lump, hard lump breast, breast pain lump",clinic,8,,,Possible breast cancer â must check immediately
S049,white discharge,à¤¸à¤«à¥à¤¦ à¤ªà¤¾à¤¨à¥,à¤ªà¤¾à¤à¤¢à¤°à¤¾ à¤¸à¥à¤°à¤¾à¤µ,"safed paani, white discharge, yoni se safed, leucorrhoea, à¤¸à¤«à¥à¤¦ à¤ªà¤¾à¤¨à¥ à¤à¤¨à¤¾, à¤¯à¥à¤¨à¤¿ à¤¸à¥ à¤¸à¤«à¥à¤¦, à¤ªà¤¾à¤à¤¢à¤°à¤¾ à¤¸à¥à¤°à¤¾à¤µ, white discharge vaginal, safed liquid",clinic,5,"Maintain hygiene. Wear clean cotton underwear. If discharge has smell or causes itching, visit clinic.",à¤¸à¤¾à¤« à¤¸à¥à¤¤à¥ à¤à¤à¤¡à¤°à¤µà¤¿à¤¯à¤° à¤ªà¤¹à¤¨à¥à¤à¥¤ à¤¸à¥à¤µà¤à¥à¤à¤¤à¤¾ à¤°à¤à¥à¤à¥¤ à¤à¤à¤° à¤¬à¤¦à¤¬à¥ à¤¯à¤¾ à¤à¥à¤à¤²à¥ à¤¹à¥ à¤¤à¥ à¤à¥à¤²à¤¿à¤¨à¤¿à¤ à¤à¤¾à¤à¤à¥¤,
S050,postnatal bleeding,à¤ªà¥à¤°à¤¸à¤µ à¤à¥ à¤¬à¤¾à¤¦ à¤à¥à¤¨,à¤¬à¤¾à¤³à¤à¤¤à¤ªà¤£à¤¾à¤¨à¤à¤¤à¤° à¤°à¤à¥à¤¤à¤¸à¥à¤°à¤¾à¤µ,"delivery ke baad bahut khoon, prasav ke baad bleeding, postpartum bleeding, à¤à¤¨à¤® à¤à¥ à¤¬à¤¾à¤¦ à¤à¥à¤¨, à¤ªà¥à¤°à¤¸à¤µ à¤à¥ à¤¬à¤¾à¤¦ à¤°à¤à¥à¤¤, à¤¬à¤¾à¤³à¤à¤¤à¤ªà¤£à¤¾à¤¨à¤à¤¤à¤° à¤°à¤à¥à¤¤, after delivery bleeding, heavy bleeding after birth",emergency,10,,,Life threatening â emergency immediately
S051,asthma attack,à¤¦à¤®à¥ à¤à¤¾ à¤¦à¥à¤°à¤¾,à¤¦à¤®à¥à¤¯à¤¾à¤à¤¾ à¤à¤à¤à¤¾,"dama, asthma attack, saans fulna achanak, inhaler nahi hai, à¤¦à¤®à¤¾, à¤à¤¸à¥à¤¥à¤®à¤¾, à¤¦à¤®à¥ à¤à¤¾ à¤¦à¥à¤°à¤¾, à¤¦à¤®à¥à¤¯à¤¾à¤à¤¾ à¤à¤à¤à¤¾, breathing attack, asthma no inhaler, wheeze breathing",emergency,9,,,Without inhaler â emergency
S052,diabetes high sugar,à¤¶à¥à¤à¤° à¤¬à¤¹à¥à¤¤ à¤à¥à¤¯à¤¾à¤¦à¤¾,à¤¸à¤¾à¤à¤° à¤à¥à¤ª à¤à¤¾à¤¸à¥à¤¤,"sugar bahut zyada, glucose high, 300 sugar, diabetes out of control, bahut pyaas lag rahi, baar baar peshab sugar mein, à¤¶à¥à¤à¤° à¤¬à¤¹à¥à¤¤ à¤à¥à¤¯à¤¾à¤¦à¤¾, à¤¸à¤¾à¤à¤° à¤à¥à¤ª à¤à¤¾à¤¸à¥à¤¤, high glucose, diabetes uncontrolled, very thirsty frequent urination",clinic,7,,,
S053,diabetes low sugar,à¤¶à¥à¤à¤° à¤¬à¤¹à¥à¤¤ à¤à¤®,à¤¸à¤¾à¤à¤° à¤à¥à¤ª à¤à¤®à¥,"sugar kam ho gayi, hypoglycemia, chakkar aa raha sugar low, haath kaanp rahe sugar se, à¤¶à¥à¤à¤° à¤à¤® à¤¹à¥ à¤à¤, à¤¹à¤¾à¤à¤ªà¥à¤à¥à¤²à¤¾à¤à¤¸à¥à¤®à¤¿à¤¯à¤¾, à¤¸à¤¾à¤à¤° à¤à¤®à¥, low blood sugar shaking, sugar drop dizzy, hypoglycaemia",emergency,8,,,Low sugar can cause unconsciousness â emergency
S054,kidney pain,à¤à¥à¤°à¥à¤¦à¥ à¤®à¥à¤ à¤¦à¤°à¥à¤¦,à¤®à¥à¤¤à¥à¤°à¤ªà¤¿à¤à¤¡ à¤¦à¥à¤à¤£à¥,"kidney mein dard, kamar ke peeche dard, gurdah dard, pith mein dard peshab ke saath, à¤à¥à¤°à¥à¤¦à¥ à¤®à¥à¤ à¤¦à¤°à¥à¤¦, à¤à¤®à¤° à¤à¥ à¤ªà¥à¤à¥ à¤¦à¤°à¥à¤¦, à¤®à¥à¤¤à¥à¤°à¤ªà¤¿à¤à¤¡ à¤¦à¥à¤à¤£à¥, kidney stone, pathri dard, lower back pain with urination",clinic,7,,,Could be kidney stone or infection
S055,heart palpitations,à¤¦à¤¿à¤² à¤à¥ à¤§à¤¡à¤¼à¤à¤¨ à¤¤à¥à¤,à¤¹à¥à¤¦à¤¯ à¤§à¤¡à¤§à¤¡à¤£à¥,"dil ki dhadkan tez, heartbeat fast, dil tez chal raha, ghabrahat dil mein, à¤¦à¤¿à¤² à¤§à¤¡à¤¼à¤à¤¨ à¤¤à¥à¤, à¤¹à¤¾à¤°à¥à¤ à¤¬à¥à¤ à¤«à¤¾à¤¸à¥à¤, à¤¹à¥à¤¦à¤¯ à¤§à¤¡à¤§à¤¡à¤£à¥, palpitations, heart racing, chest flutter",clinic,6,,,
S056,severe depression,à¤¬à¤¹à¥à¤¤ à¤à¤¦à¤¾à¤¸à¥,à¤à¥à¤ª à¤à¤¦à¤¾à¤¸à¥à¤¨à¤¤à¤¾,"bahut udaas, jeene ka mann nahi, kuch karne ka mann nahi, bahut rona aa raha, à¤¬à¤¹à¥à¤¤ à¤à¤¦à¤¾à¤¸, à¤à¥à¤¨à¥ à¤à¤¾ à¤®à¤¨ à¤¨à¤¹à¥à¤, à¤°à¥à¤¨à¤¾ à¤à¤¤à¤¾ à¤¹à¥, à¤à¥à¤ª à¤à¤¦à¤¾à¤¸, à¤à¤à¤£à¥ à¤¨à¤à¥ à¤µà¤¾à¤à¤¤à¥, severe sadness, no will to live, crying all the time, depression",clinic,7,,,Handle sensitively â refer to counsellor
S057,anxiety panic attack,à¤à¤¬à¤°à¤¾à¤¹à¤ à¤à¤¾ à¤¦à¥à¤°à¤¾,à¤à¤¾à¤¬à¤°à¤£à¥à¤¯à¤¾à¤à¤¾ à¤à¤à¤à¤¾,"ghabrahat, panic attack, achanak darna, dil tez dhadkan ghabrahat ke saath, à¤¸à¤¾à¤à¤¸ à¤¨à¤¹à¥à¤ à¤ à¤°à¤¹à¥ à¤¡à¤° à¤à¥ à¤¸à¤¾à¤¥, à¤à¤¬à¤°à¤¾à¤¹à¤, à¤ªà¥à¤¨à¤¿à¤ à¤à¤à¥à¤, à¤à¤¾à¤¬à¤°à¤£à¥à¤¯à¤¾à¤à¤¾ à¤à¤à¤à¤¾, sudden fear anxiety breathing fast, panic sweating shaking",clinic,6,,,
S058,scabies,à¤à¥à¤à¤²à¥,à¤à¤°à¥à¤,"kharish, poore badan mein kharish, raat ko kharish zyada, khujli, scabies, à¤à¥à¤à¤²à¥, à¤ªà¥à¤°à¥ à¤¬à¤¦à¤¨ à¤®à¥à¤ à¤à¥à¤à¤²à¥, à¤°à¤¾à¤¤ à¤à¥ à¤à¥à¤à¤²à¥, à¤à¤°à¥à¤, itching whole body night, skin itching between fingers",clinic,5,Avoid sharing clothes or bedding. Keep skin clean and dry. All family members may need treatment. Visit clinic for prescription cream.,à¤à¤ªà¤¡à¤¼à¥ à¤à¤° à¤¬à¤¿à¤¸à¥à¤¤à¤° à¤¸à¤¾à¤à¤¾ à¤¨ à¤à¤°à¥à¤à¥¤ à¤¤à¥à¤µà¤à¤¾ à¤¸à¤¾à¤« à¤à¤° à¤¸à¥à¤à¥ à¤°à¤à¥à¤à¥¤ à¤ªà¥à¤°à¥ à¤ªà¤°à¤¿à¤µà¤¾à¤° à¤à¥ à¤à¤²à¤¾à¤ à¤à¥ à¤à¤°à¥à¤°à¤¤ à¤¹à¥ à¤¸à¤à¤¤à¥ à¤¹à¥à¥¤ à¤à¥à¤²à¤¿à¤¨à¤¿à¤ à¤¸à¥ à¤¦à¤µà¤¾à¤ à¤²à¥à¤à¥¤,Highly contagious in rural households
S059,burns,à¤à¤²à¤¨à¤¾,à¤à¤³à¤£à¥,"jal gaya, chota jalanaa, aag se jalna, garmi se jalna, à¤à¤²à¤¨à¤¾, à¤à¤² à¤à¤¯à¤¾, à¤à¤ à¤¸à¥ à¤à¤²à¤¨à¤¾, à¤à¤³à¤£à¥, burn injury, fire burn, hot water burn, chemical burn",clinic,7,,,Major burns â emergency. Minor burns â clinic
S060,fungal infection,à¤«à¤à¤à¤² à¤à¤¨à¥à¤«à¥à¤à¥à¤¶à¤¨,à¤¬à¥à¤°à¤¶à¥à¤à¤¨à¥à¤¯ à¤¸à¤à¤¸à¤°à¥à¤,"fungal, daad, ringworm, khujli wale daane, gol daane kharish ke saath, daad khujli, à¤¦à¤¾à¤¦, à¤°à¤¿à¤à¤à¤µà¤°à¥à¤®, à¤«à¤à¤à¤², à¤¬à¥à¤°à¤¶à¥à¤à¤¨à¥à¤¯ à¤¸à¤à¤¸à¤°à¥à¤, daad khujli round patch, ringworm skin, fungal skin",self-care,3,"Keep the area clean and dry. Apply antifungal cream (Clotrimazole) if available. Avoid sharing towels. Do not scratch. If spreading rapidly, visit clinic.",à¤à¤à¤¹ à¤à¥ à¤¸à¤¾à¤« à¤à¤° à¤¸à¥à¤à¤¾ à¤°à¤à¥à¤à¥¤ à¤à¤à¤à¥à¤«à¤à¤à¤² à¤à¥à¤°à¥à¤® à¤²à¤à¤¾à¤à¤à¥¤ à¤¤à¥à¤²à¤¿à¤¯à¤¾ à¤¸à¤¾à¤à¤¾ à¤¨ à¤à¤°à¥à¤à¥¤ à¤à¥à¤à¤²à¤¾à¤à¤ à¤¨à¤¹à¥à¤à¥¤ à¤¤à¥à¤à¥ à¤¸à¥ à¤«à¥à¤²à¥ à¤¤à¥ à¤à¥à¤²à¤¿à¤¨à¤¿à¤ à¤à¤¾à¤à¤à¥¤,Very common in rural humid areas
S061,severe toothache,à¤¦à¤¾à¤à¤¤ à¤®à¥à¤ à¤¤à¥à¤ à¤¦à¤°à¥à¤¦,à¤¦à¤¾à¤¤ à¤¦à¥à¤à¤£à¥,"daant dard, tooth pain, daant mein dard, daant dukh raha, molar pain, wisdom tooth, akkal daadh dard, à¤¦à¤¾à¤à¤¤ à¤¦à¤°à¥à¤¦, à¤¦à¤¾à¤¢à¤¼ à¤¦à¤°à¥à¤¦, à¤¦à¤¾à¤¤ à¤¦à¥à¤à¤¤à¥, daant toda, broken tooth pain, daant mein sujan",clinic,5,Take paracetamol for pain. Rinse with warm salt water every few hours. Avoid very hot or cold food. Visit dentist as soon as possible.,à¤¦à¤°à¥à¤¦ à¤à¥ à¤²à¤¿à¤ à¤ªà¥à¤°à¤¾à¤¸à¤¿à¤à¤¾à¤®à¥à¤² à¤²à¥à¤à¥¤ à¤à¤°à¥à¤® à¤¨à¤®à¤ à¤à¥ à¤ªà¤¾à¤¨à¥ à¤¸à¥ à¤à¥à¤²à¥à¤²à¤¾ à¤à¤°à¥à¤à¥¤ à¤¬à¤¹à¥à¤¤ à¤à¤°à¥à¤® à¤¯à¤¾ à¤ à¤à¤¡à¤¾ à¤à¤¾à¤¨à¤¾ à¤¨ à¤à¤¾à¤à¤à¥¤ à¤à¤²à¥à¤¦ à¤¸à¥ à¤à¤²à¥à¤¦ à¤¦à¤à¤¤ à¤à¤¿à¤à¤¿à¤¤à¥à¤¸à¤ à¤à¥ à¤ªà¤¾à¤¸ à¤à¤¾à¤à¤à¥¤,
S062,tooth abscess,à¤¦à¤¾à¤à¤¤ à¤®à¥à¤ à¤ªà¤¸,à¤¦à¤¾à¤¤à¤¾à¤¤ à¤ªà¥,"daant mein pus, daant ke paas sujan, gaal sujan daant se, tooth abscess, daant mein infection, daant ke neeche sujan, à¤¦à¤¾à¤à¤¤ à¤®à¥à¤ à¤ªà¤¸, à¤à¤¾à¤² à¤¸à¥à¤à¤¨à¤¾ à¤¦à¤¾à¤à¤¤ à¤¸à¥, à¤¦à¤¾à¤¤à¤¾à¤¤ à¤ªà¥, daant infection sujan, swollen face tooth",clinic,7,,,Spreading infection can be dangerous â clinic urgently
S063,bleeding gums,à¤®à¤¸à¥à¤¡à¤¼à¥à¤ à¤¸à¥ à¤à¥à¤¨,à¤¹à¤¿à¤°à¤¡à¥à¤¯à¤¾à¤à¤¤à¥à¤¨ à¤°à¤à¥à¤¤,"masoode se khoon, gums bleeding, daant saaf karte waqt khoon, brush mein khoon, à¤®à¤¸à¥à¤¡à¤¼à¥à¤ à¤¸à¥ à¤à¥à¤¨, à¤¦à¤¾à¤à¤¤ à¤¸à¤¾à¤« à¤à¤°à¤¤à¥ à¤à¥à¤¨, à¤¹à¤¿à¤°à¤¡à¥à¤¯à¤¾à¤à¤¤à¥à¤¨ à¤°à¤à¥à¤¤, bleeding when brushing, gum pain bleeding",self-care,3,"Brush gently with soft bristle brush. Rinse with warm salt water. Eat vitamin C rich foods. If bleeding is heavy or continuous, visit clinic.",à¤®à¥à¤²à¤¾à¤¯à¤® à¤¬à¥à¤°à¤¶ à¤¸à¥ à¤§à¥à¤°à¥-à¤§à¥à¤°à¥ à¤¬à¥à¤°à¤¶ à¤à¤°à¥à¤à¥¤ à¤¨à¤®à¤ à¤à¥ à¤ªà¤¾à¤¨à¥ à¤¸à¥ à¤à¥à¤²à¥à¤²à¤¾ à¤à¤°à¥à¤à¥¤ à¤µà¤¿à¤à¤¾à¤®à¤¿à¤¨ C à¤µà¤¾à¤²à¥ à¤«à¤² à¤à¤¾à¤à¤à¥¤ à¤à¥à¤¯à¤¾à¤¦à¤¾ à¤à¥à¤¨ à¤à¤ à¤¤à¥ à¤à¥à¤²à¤¿à¤¨à¤¿à¤ à¤à¤¾à¤à¤à¥¤,
S064,mouth ulcers,à¤®à¥à¤à¤¹ à¤®à¥à¤ à¤à¤¾à¤²à¥,à¤¤à¥à¤à¤¡à¤¾à¤¤ à¤«à¥à¤¡,"muh mein chhaale, mouth ulcer, tonsils dard, gale mein chhaale, à¤®à¥à¤à¤¹ à¤®à¥à¤ à¤à¤¾à¤²à¥, à¤®à¥à¤¹ à¤à¥ à¤à¤¾à¤²à¥, à¤¤à¥à¤à¤¡à¤¾à¤¤ à¤«à¥à¤¡, muh ka dard chhaale, painful mouth sores, canker sores",self-care,2,"Apply honey or coconut oil on ulcers. Rinse with warm salt water. Avoid spicy food. If ulcers last more than 2 weeks, visit clinic as it could indicate something serious.",à¤à¤¾à¤²à¥à¤ à¤ªà¤° à¤¶à¤¹à¤¦ à¤¯à¤¾ à¤¨à¤¾à¤°à¤¿à¤¯à¤² à¤¤à¥à¤² à¤²à¤à¤¾à¤à¤à¥¤ à¤¨à¤®à¤ à¤ªà¤¾à¤¨à¥ à¤¸à¥ à¤à¥à¤²à¥à¤²à¤¾ à¤à¤°à¥à¤à¥¤ à¤®à¤¸à¤¾à¤²à¥à¤¦à¤¾à¤° à¤à¤¾à¤¨à¤¾ à¤¨ à¤à¤¾à¤à¤à¥¤ 2 à¤¹à¤«à¥à¤¤à¥ à¤¸à¥ à¤à¥à¤¯à¤¾à¤¦à¤¾ à¤°à¤¹à¥à¤ à¤¤à¥ à¤à¥à¤²à¤¿à¤¨à¤¿à¤ à¤à¤¾à¤à¤à¥¤,Persistent ulcers can be oral cancer â flag if 2+ weeks
S065,severe hair loss,à¤¬à¤¹à¥à¤¤ à¤à¥à¤¯à¤¾à¤¦à¤¾ à¤¬à¤¾à¤² à¤à¤¡à¤¼à¤¨à¤¾,à¤à¥à¤¸ à¤à¥à¤ª à¤à¤³à¤£à¥,"baal jhad rahe, bahut baal gir rahe, takla ho raha, hair fall, hair loss, à¤à¤à¤à¤¾à¤ªà¤¨, à¤¬à¤¾à¤² à¤à¤¡à¤¼ à¤°à¤¹à¥, à¤à¥à¤¸ à¤à¤³à¤¤à¤¾à¤¯à¤¤, baal toot rahe, alopecia, bald patches, baal bahut kam ho gaye",clinic,5,"Eat protein rich food like eggs, dal, nuts. Oil hair regularly. Avoid tight hairstyles. If hair loss is sudden and in patches, visit clinic â could be thyroid or fungal.","à¤ªà¥à¤°à¥à¤à¥à¤¨ à¤¯à¥à¤à¥à¤¤ à¤­à¥à¤à¤¨ à¤à¤¾à¤à¤ à¤à¥à¤¸à¥ à¤à¤à¤¡à¥, à¤¦à¤¾à¤², à¤®à¥à¤µà¥à¥¤ à¤¨à¤¿à¤¯à¤®à¤¿à¤¤ à¤¤à¥à¤² à¤²à¤à¤¾à¤à¤à¥¤ à¤à¤à¤¾à¤¨à¤ à¤à¥à¤à¥à¤à¥à¤ à¤®à¥à¤ à¤¬à¤¾à¤² à¤à¤¡à¤¼à¥à¤ à¤¤à¥ à¤à¥à¤²à¤¿à¤¨à¤¿à¤ à¤à¤¾à¤à¤ â à¤¥à¤¾à¤¯à¤°à¥à¤à¤¡ à¤¯à¤¾ à¤«à¤à¤à¤² à¤¹à¥ à¤¸à¤à¤¤à¤¾ à¤¹à¥à¥¤",
S066,lice infestation,à¤à¥à¤,à¤à¤µà¤¾,"joon, lice, sir mein kharish, baalon mein keede, sar mein keede, à¤à¥à¤, à¤¸à¤¿à¤° à¤®à¥à¤ à¤à¥à¤à¤²à¥, à¤à¤µà¤¾, head lice itching, nits hair, joo sar mein",self-care,1,Apply neem oil or coconut oil overnight. Use a fine comb to remove lice. Wash hair with medicated shampoo. Wash all bedding and clothes in hot water.,à¤°à¤¾à¤¤ à¤à¥ à¤¨à¥à¤® à¤à¤¾ à¤¤à¥à¤² à¤¯à¤¾ à¤¨à¤¾à¤°à¤¿à¤¯à¤² à¤¤à¥à¤² à¤²à¤à¤¾à¤à¤à¥¤ à¤¬à¤¾à¤°à¥à¤ à¤à¤à¤à¥ à¤¸à¥ à¤à¥à¤ à¤¨à¤¿à¤à¤¾à¤²à¥à¤à¥¤ à¤®à¥à¤¡à¤¿à¤à¥à¤à¥à¤¡ à¤¶à¥à¤®à¥à¤ªà¥ à¤¸à¥ à¤§à¥à¤à¤à¥¤ à¤¬à¤¿à¤¸à¥à¤¤à¤° à¤à¤° à¤à¤ªà¤¡à¤¼à¥ à¤à¤°à¥à¤® à¤ªà¤¾à¤¨à¥ à¤®à¥à¤ à¤§à¥à¤à¤à¥¤,Very common in rural schools â treat whole family
S067,scalp infection,à¤¸à¤¿à¤° à¤®à¥à¤ à¤à¤¨à¥à¤«à¥à¤à¥à¤¶à¤¨,à¤à¤¾à¤³à¥à¤µà¤° à¤¸à¤à¤¸à¤°à¥à¤,"sar mein infection, scalp mein pus, sar mein daane, sir mein ghav, scalp boils, à¤à¤¾à¤³à¥ à¤¸à¤à¤¸à¤°à¥à¤, à¤¸à¤¿à¤° à¤®à¥à¤ à¤«à¥à¤¡à¤¼à¥, sar mein funsi, head infection pus, scalp abscess",clinic,6,,,
S068,vitiligo white patches,à¤¸à¤«à¥à¤¦ à¤¦à¤¾à¤,à¤ªà¤¾à¤à¤¢à¤°à¥ à¤¡à¤¾à¤,"safed daag, white patches skin, safed chamdi, rang nahi hai skin mein, vitiligo, à¤¸à¤«à¥à¤¦ à¤¦à¤¾à¤, à¤¤à¥à¤µà¤à¤¾ à¤ªà¤° à¤¸à¤«à¥à¤¦, à¤ªà¤¾à¤à¤¢à¤°à¥ à¤¡à¤¾à¤, white spots spreading, leucoderma, skin colour loss",clinic,4,Vitiligo is not contagious or dangerous. Visit a dermatologist for treatment options. Protect white patches from sun exposure.,à¤µà¤¿à¤à¤¿à¤²à¤¿à¤à¥ à¤¸à¤à¤à¥à¤°à¤¾à¤®à¤ à¤¨à¤¹à¥à¤ à¤¹à¥à¥¤ à¤¤à¥à¤µà¤à¤¾ à¤µà¤¿à¤¶à¥à¤·à¤à¥à¤ à¤¸à¥ à¤®à¤¿à¤²à¥à¤à¥¤ à¤¸à¤«à¥à¤¦ à¤à¤à¤¹à¥à¤ à¤à¥ à¤§à¥à¤ª à¤¸à¥ à¤¬à¤à¤¾à¤à¤à¥¤,Social stigma in rural India â handle sensitively
S069,boils and carbuncles,à¤«à¥à¤¡à¤¼à¥ à¤«à¥à¤à¤¸à¥,à¤à¤³à¥,"fode funsi, bada funsi, skin pe foda, carbuncle, furuncle, phoda nikla, skin pe pus wala daana, à¤«à¥à¤¡à¤¼à¥, à¤«à¥à¤à¤¸à¥, à¤à¤³à¥, boil pus skin, painful lump pus skin, abscess skin",clinic,6,"Do not squeeze or pop the boil. Apply warm compress 3-4 times daily. Keep area clean. If boil is large, very painful or has red streaks, visit clinic immediately.",à¤«à¥à¤¡à¤¼à¥ à¤à¥ à¤¦à¤¬à¤¾à¤à¤ à¤¯à¤¾ à¤«à¥à¤¡à¤¼à¥à¤ à¤¨à¤¹à¥à¤à¥¤ à¤¦à¤¿à¤¨ à¤®à¥à¤ 3-4 à¤¬à¤¾à¤° à¤à¤°à¥à¤® à¤¸à¥à¤à¤ à¤à¤°à¥à¤à¥¤ à¤¸à¤¾à¤« à¤°à¤à¥à¤à¥¤ à¤¬à¤¡à¤¼à¤¾ à¤¹à¥ à¤¯à¤¾ à¤²à¤¾à¤² à¤§à¤¾à¤°à¤¿à¤¯à¤¾à¤ à¤¹à¥à¤ à¤¤à¥ à¤¤à¥à¤°à¤à¤¤ à¤à¥à¤²à¤¿à¤¨à¤¿à¤ à¤à¤¾à¤à¤à¥¤,
S070,severe sunburn,à¤§à¥à¤ª à¤¸à¥ à¤à¤²à¤¨,à¤à¤¨à¥à¤¹à¤¾à¤¨à¥ à¤à¤³à¤£à¥,"dhoop se jalaa, sunburn, skin lal ho gayi dhoop mein, sun se redness, à¤à¤¾à¤²à¥ à¤§à¥à¤ª à¤¸à¥, à¤§à¥à¤ª à¤¸à¥ à¤à¤²à¤¨à¤¾, à¤à¤¨à¥à¤¹à¤¾à¤¨à¥ à¤à¤³à¤£à¥, red painful skin sun, blistering sunburn, sun exposure skin burn",self-care,3,"Move to shade immediately. Apply aloe vera or cold wet cloth. Drink plenty of water. Avoid further sun exposure. If blisters form, visit clinic.",à¤¤à¥à¤°à¤à¤¤ à¤à¤¾à¤¯à¤¾ à¤®à¥à¤ à¤à¤¾à¤à¤à¥¤ à¤à¤²à¥à¤µà¥à¤°à¤¾ à¤¯à¤¾ à¤ à¤à¤¡à¤¾ à¤à¥à¤²à¤¾ à¤à¤ªà¤¡à¤¼à¤¾ à¤²à¤à¤¾à¤à¤à¥¤ à¤à¥à¤¬ à¤ªà¤¾à¤¨à¥ à¤ªà¤¿à¤à¤à¥¤ à¤à¤¾à¤²à¥ à¤ªà¤¡à¤¼à¥à¤ à¤¤à¥ à¤à¥à¤²à¤¿à¤¨à¤¿à¤ à¤à¤¾à¤à¤à¥¤,
S071,allergic reaction rash,à¤à¤²à¤°à¥à¤à¥ à¤à¥ à¤¦à¤¾à¤¨à¥,à¤à¤²à¤°à¥à¤à¥à¤à¥ à¤ªà¥à¤°à¤³,"allergy ke daane, khane se allergy, dawaai se allergy, hives, urticaria, à¤à¤²à¤°à¥à¤à¥, à¤¦à¤¾à¤¨à¥ à¤¨à¤¿à¤à¤² à¤à¤, à¤à¤²à¤°à¥à¤à¥à¤à¥ à¤ªà¥à¤°à¤³, allergic rash hives, food allergy skin, medicine allergy rash, itchy red welts",clinic,6,,,If throat swelling or breathing difficulty â emergency
S072,psoriasis flare,à¤¸à¥à¤°à¤¾à¤¯à¤¸à¤¿à¤¸,à¤¸à¥à¤°à¤¾à¤¯à¤¸à¤¿à¤¸,"psoriasis, safed chilka skin, skin peeling patches, sar mein safed chilka, à¤à¥à¤¹à¤¨à¥ à¤ªà¤° à¤¸à¤«à¥à¤¦ à¤¦à¤¾à¤, à¤¸à¥à¤°à¤¾à¤¯à¤¸à¤¿à¤¸, skin flaking patches, scaly skin, psoriasis flare, elbow knee scaly patches",clinic,5,Keep skin moisturized. Avoid harsh soaps. Do not scratch. Manage stress. Visit dermatologist for proper treatment.,à¤¤à¥à¤µà¤à¤¾ à¤à¥ à¤¨à¤® à¤°à¤à¥à¤à¥¤ à¤à¤ à¥à¤° à¤¸à¤¾à¤¬à¥à¤¨ à¤¸à¥ à¤¬à¤à¥à¤à¥¤ à¤à¥à¤à¤²à¤¾à¤à¤ à¤¨à¤¹à¥à¤à¥¤ à¤¤à¤¨à¤¾à¤µ à¤à¤® à¤à¤°à¥à¤à¥¤ à¤¤à¥à¤µà¤à¤¾ à¤µà¤¿à¤¶à¥à¤·à¤à¥à¤ à¤¸à¥ à¤®à¤¿à¤²à¥à¤à¥¤,
S073,night blindness,à¤°à¤¾à¤¤ à¤à¥ à¤¦à¤¿à¤à¤¨à¤¾ à¤¬à¤à¤¦,à¤°à¤¾à¤¤à¤¾à¤à¤§à¤³à¥à¤ªà¤£à¤¾,"raat ko nahi dikhai deta, andhera mein nahi dikta, night blindness, raat ko aankhein kamzor, à¤°à¤¾à¤¤ à¤à¥ à¤¨à¤¹à¥à¤ à¤¦à¤¿à¤à¤¤à¤¾, à¤°à¤¾à¤¤à¤¾à¤à¤§à¤³à¥à¤ªà¤£à¤¾, cannot see at night, vision poor dark, vitamin A deficiency blindness",clinic,6,"Eat vitamin A rich foods â carrots, green leafy vegetables, eggs, milk. This is often vitamin A deficiency. Visit clinic for supplements.","à¤à¤¾à¤à¤°, à¤¹à¤°à¥ à¤ªà¤¤à¥à¤¤à¥à¤¦à¤¾à¤° à¤¸à¤¬à¥à¤à¤¿à¤¯à¤¾à¤, à¤à¤à¤¡à¥, à¤¦à¥à¤§ à¤à¤¾à¤à¤à¥¤ à¤¯à¤¹ à¤à¤à¥à¤¸à¤° à¤µà¤¿à¤à¤¾à¤®à¤¿à¤¨ A à¤à¥ à¤à¤®à¥ à¤¹à¥à¥¤ à¤à¥à¤²à¤¿à¤¨à¤¿à¤ à¤¸à¥ à¤¸à¤ªà¥à¤²à¥à¤®à¥à¤à¤ à¤²à¥à¤à¥¤",Very common in malnourished rural children
S074,electric shock,à¤¬à¤¿à¤à¤²à¥ à¤à¤¾ à¤à¤à¤à¤¾,à¤µà¤¿à¤à¥à¤à¤¾ à¤§à¤à¥à¤à¤¾,"bijli ka jhatka, current laga, electric shock, wire se current, à¤¬à¤¿à¤à¤²à¥ à¤à¤¾ à¤à¤à¤à¤¾, à¤à¤°à¤à¤ à¤²à¤à¤¾, à¤µà¤¿à¤à¥à¤à¤¾ à¤§à¤à¥à¤à¤¾, electrocution, bijli lagi, electric current injury",emergency,10,,,Always emergency even if person seems okay â internal burns possible
S075,drowning near drowning,à¤ªà¤¾à¤¨à¥ à¤®à¥à¤ à¤¡à¥à¤¬à¤¨à¤¾,à¤¬à¥à¤¡à¤£à¥,"paani mein doob gaya, near drowning, doobte doobte bache, à¤ªà¤¾à¤¨à¥ à¤®à¥à¤ à¤¡à¥à¤¬à¤¨à¤¾, à¤¡à¥à¤¬ à¤à¤¯à¤¾, à¤¬à¥à¤¡à¤£à¥, drowning water, swallowed water unconscious, water in lungs",emergency,10,,,Emergency â even if conscious after drowning
S076,foreign object in eye,à¤à¤à¤ à¤®à¥à¤ à¤à¥à¤ à¤ªà¤¡à¤¼ à¤à¤¯à¤¾,à¤¡à¥à¤³à¥à¤¯à¤¾à¤¤ à¤à¤¾à¤¹à¥ à¤à¥à¤²à¥,"aankh mein kuch pada, aankh mein mitti, aankh mein keeda, eye mein kuch gaya, à¤à¤à¤ à¤®à¥à¤ à¤à¥à¤ à¤ªà¤¡à¤¼à¤¾, à¤à¤à¤ à¤®à¥à¤ à¤®à¤¿à¤à¥à¤à¥, à¤¡à¥à¤³à¥à¤¯à¤¾à¤¤ à¤à¤¾à¤¹à¥ à¤à¥à¤²à¥, foreign object eye, dust in eye, insect in eye",clinic,5,"Do NOT rub the eye. Rinse with clean water gently. Blink repeatedly. If object is stuck or vision is blurred, visit clinic immediately.",à¤à¤à¤ à¤à¥ à¤°à¤à¤¡à¤¼à¥à¤ à¤¨à¤¹à¥à¤à¥¤ à¤¸à¤¾à¤« à¤ªà¤¾à¤¨à¥ à¤¸à¥ à¤§à¥à¤°à¥ à¤§à¥à¤à¤à¥¤ à¤¬à¤¾à¤° à¤¬à¤¾à¤° à¤ªà¤²à¤à¥à¤ à¤à¤ªà¤à¤¾à¤à¤à¥¤ à¤à¥à¤ à¤«à¤à¤¸à¤¾ à¤¹à¥ à¤¯à¤¾ à¤§à¥à¤à¤§à¤²à¤¾ à¤¦à¤¿à¤à¥ à¤¤à¥ à¤¤à¥à¤°à¤à¤¤ à¤à¥à¤²à¤¿à¤¨à¤¿à¤ à¤à¤¾à¤à¤à¥¤,
S077,foreign object swallowed,à¤à¥à¤ à¤¨à¤¿à¤à¤² à¤²à¤¿à¤¯à¤¾,à¤à¤¾à¤¹à¥à¤¤à¤°à¥ à¤à¤¿à¤³à¤²à¥,"kuch nigal gaya, bachhe ne kuch kha liya, coin nigal liya, à¤à¥à¤ à¤¨à¤¿à¤à¤² à¤à¤¯à¤¾, à¤¬à¤à¥à¤à¥ à¤¨à¥ à¤¸à¤¿à¤à¥à¤à¤¾ à¤à¤¾ à¤²à¤¿à¤¯à¤¾, à¤à¤¾à¤¹à¥à¤¤à¤°à¥ à¤à¤¿à¤³à¤²à¥, swallowed coin, child swallowed object, foreign body swallowed",emergency,9,,,Always emergency especially in children
S078,heat stroke,à¤²à¥ à¤²à¤à¤¨à¤¾,à¤à¤¨à¥à¤¹à¤¾à¤³à¥,"loo lagi, garmi se behosh, heat stroke, bahut tez garmi behoshi, à¤§à¥à¤ª à¤®à¥à¤ à¤¬à¥à¤¹à¥à¤¶, à¤²à¥ à¤²à¤à¤¨à¤¾, à¤à¤¨à¥à¤¹à¤¾à¤³à¥, heatstroke faint, sun stroke collapse, very hot no sweating confusion",emergency,10,,,Common in Indian summers â emergency
S079,poisoning,à¤à¤¹à¤° à¤à¤¾à¤¨à¤¾,à¤µà¤¿à¤·à¤¬à¤¾à¤§à¤¾,"zeher kha liya, pesticide pi liya, rat poison, kuch galat kha liya, à¤à¤¹à¤° à¤à¤¾ à¤²à¤¿à¤¯à¤¾, à¤à¥à¤à¤¨à¤¾à¤¶à¤ à¤ªà¥ à¤²à¤¿à¤¯à¤¾, à¤µà¤¿à¤·à¤¬à¤¾à¤§à¤¾, poisoning accidental, pesticide ingestion, rat poison swallowed, chemical ingestion",emergency,10,,,Call 108 immediately â do NOT induce vomiting unless told
S080,excessive thirst and urination,à¤¬à¤¹à¥à¤¤ à¤à¥à¤¯à¤¾à¤¦à¤¾ à¤ªà¥à¤¯à¤¾à¤¸ à¤à¤° à¤ªà¥à¤¶à¤¾à¤¬,à¤à¥à¤ª à¤¤à¤¹à¤¾à¤¨ à¤à¤£à¤¿ à¤²à¤à¤µà¥,"bahut pyaas, baar baar peshab, raat ko baar baar uthna peshab ke liye, à¤¬à¤¹à¥à¤¤ à¤ªà¥à¤¯à¤¾à¤¸ à¤²à¤ à¤°à¤¹à¥, à¤¬à¤¾à¤° à¤¬à¤¾à¤° à¤ªà¥à¤¶à¤¾à¤¬, à¤à¥à¤ª à¤¤à¤¹à¤¾à¤¨, à¤²à¤à¤µà¥ à¤à¤¾à¤¸à¥à¤¤, excessive thirst frequent urination, polyuria polydipsia, possible diabetes",clinic,6,,,Classic diabetes symptom â needs blood sugar test
S081,sudden vision loss,à¤à¤à¤¾à¤¨à¤ à¤¦à¤¿à¤à¤¨à¤¾ à¤¬à¤à¤¦,à¤à¤à¤¾à¤¨à¤ à¤¦à¥à¤·à¥à¤à¥ à¤à¤¾à¤£à¥,"achanak nahi dikh raha, aankh se nahi dikta, vision chali gayi, aandhera aa gaya, à¤à¤à¤¾à¤¨à¤ à¤¦à¤¿à¤à¤¨à¤¾ à¤¬à¤à¤¦, à¤¦à¥à¤·à¥à¤à¤¿ à¤à¤²à¥ à¤à¤, à¤à¤à¤¾à¤¨à¤ à¤¦à¥à¤·à¥à¤à¥ à¤à¤¾à¤£à¥, sudden blindness, vision gone one eye, blurred vision sudden",emergency,10,,,Possible stroke or retinal detachment â emergency
S082,nose bleed,à¤¨à¤¾à¤ à¤¸à¥ à¤à¥à¤¨,à¤¨à¤¾à¤à¤¾à¤¤à¥à¤¨ à¤°à¤à¥à¤¤,"naak se khoon, nakseer, naak se blood aa raha, naak band karke khoon, à¤¨à¤¾à¤ à¤¸à¥ à¤à¥à¤¨, à¤¨à¤à¤¸à¥à¤°, à¤¨à¤¾à¤à¤¾à¤¤à¥à¤¨ à¤°à¤à¥à¤¤, nosebleed, epistaxis, blood from nose, naak se lahu",self-care,3,"Sit upright and lean slightly forward. Pinch the soft part of nose for 10 minutes. Do NOT tilt head back. Apply cold cloth on nose. If bleeding does not stop in 20 minutes, go to clinic.",à¤¸à¥à¤§à¥ à¤¬à¥à¤ à¥à¤ à¤à¤° à¤¥à¥à¤¡à¤¼à¤¾ à¤à¤à¥ à¤à¥à¤à¥à¤à¥¤ à¤¨à¤¾à¤ à¤à¤¾ à¤¨à¤°à¤® à¤¹à¤¿à¤¸à¥à¤¸à¤¾ 10 à¤®à¤¿à¤¨à¤ à¤¦à¤¬à¤¾à¤à¤à¥¤ à¤¸à¤¿à¤° à¤ªà¥à¤à¥ à¤¨ à¤à¤°à¥à¤à¥¤ à¤ à¤à¤¡à¤¾ à¤à¤ªà¤¡à¤¼à¤¾ à¤²à¤à¤¾à¤à¤à¥¤ 20 à¤®à¤¿à¤¨à¤ à¤®à¥à¤ à¤¨ à¤°à¥à¤à¥ à¤¤à¥ à¤à¥à¤²à¤¿à¤¨à¤¿à¤ à¤à¤¾à¤à¤à¥¤,
S083,bed sores,à¤à¤¾à¤µ à¤¬à¤¿à¤¸à¥à¤¤à¤° à¤¸à¥,à¤¶à¤¯à¥à¤¯à¤¾à¤µà¥à¤°à¤£,"bistar par letne se ghav, pressure sore, bed sore, à¤ªà¥à¤  à¤ªà¤° à¤à¤¾à¤µ letne se, à¤¶à¤¯à¥à¤¯à¤¾à¤µà¥à¤°à¤£, bedsore elderly, pressure ulcer, ghav jo theek nahi ho raha, wound lying down",clinic,6,,,Common in bedridden elderly patients
S084,worms intestinal,à¤ªà¥à¤ à¤®à¥à¤ à¤à¥à¤¡à¤¼à¥,à¤ªà¥à¤à¤¾à¤¤ à¤à¤à¤¤,"pet mein keede, kide hain pet mein, bachhe ko keede, potty mein keede, à¤ªà¥à¤ à¤®à¥à¤ à¤à¥à¤¡à¤¼à¥, à¤ªà¥à¤à¤¾à¤¤ à¤à¤à¤¤, intestinal worms, roundworm, tapeworm, pet ke keede, guda mein kharish raat ko",self-care,3,Take deworming tablet (Albendazole 400mg) â single dose. Maintain hand hygiene especially before eating. Wash vegetables properly. Repeat in 6 months.,à¤¡à¥à¤µà¤°à¥à¤®à¤¿à¤à¤ à¤à¥à¤²à¥ (Albendazole 400mg) à¤à¤ à¤¬à¤¾à¤° à¤²à¥à¤à¥¤ à¤à¤¾à¤¨à¥ à¤¸à¥ à¤ªà¤¹à¤²à¥ à¤¹à¤¾à¤¥ à¤§à¥à¤à¤à¥¤ à¤¸à¤¬à¥à¤à¤¿à¤¯à¤¾à¤ à¤à¤à¥à¤à¥ à¤¸à¥ à¤§à¥à¤à¤à¥¤ 6 à¤®à¤¹à¥à¤¨à¥ à¤®à¥à¤ à¤¦à¥à¤¬à¤¾à¤°à¤¾ à¤²à¥à¤à¥¤,Extremely common in rural India â simple fix
S085,hernia,à¤¹à¤°à¥à¤¨à¤¿à¤¯à¤¾,à¤¹à¤°à¥à¤¨à¤¿à¤¯à¤¾,"hernia, pet mein ubhar, inguinal hernia, naaf ke paas ubhar, à¤¹à¤°à¥à¤¨à¤¿à¤¯à¤¾, à¤ªà¥à¤ à¤®à¥à¤ à¤à¤­à¤¾à¤°, à¤à¤®à¤° à¤®à¥à¤ à¤à¤¾à¤à¤  ubhar, groin bulge, belly button bulge hernia, hernia pain",clinic,6,,,Strangulated hernia = emergency
S086,piles hemorrhoids,à¤¬à¤µà¤¾à¤¸à¥à¤°,à¤®à¥à¤³à¤µà¥à¤¯à¤¾à¤§,"bawaseer, piles, potty mein khoon, guda mein dard, bavasir, à¤¬à¤µà¤¾à¤¸à¥à¤°, à¤ªà¤¾à¤à¤²à¥à¤¸, à¤®à¥à¤³à¤µà¥à¤¯à¤¾à¤§, hemorrhoids, rectal bleeding, anal pain, bleeding during stool",clinic,5,Eat high fibre food and drink plenty of water. Avoid straining during bowel movements. Sitz bath â sit in warm water for 15 mins twice daily. Visit clinic if bleeding is heavy.,à¤à¥à¤¯à¤¾à¤¦à¤¾ à¤«à¤¾à¤à¤¬à¤° à¤à¤¾à¤à¤ à¤à¤° à¤ªà¤¾à¤¨à¥ à¤ªà¤¿à¤à¤à¥¤ à¤¶à¥à¤ à¤à¥ à¤¸à¤®à¤¯ à¤à¥à¤° à¤¨ à¤²à¤à¤¾à¤à¤à¥¤ à¤à¤°à¥à¤® à¤ªà¤¾à¤¨à¥ à¤®à¥à¤ 15 à¤®à¤¿à¤¨à¤ à¤¬à¥à¤ à¥à¤à¥¤ à¤à¥à¤¯à¤¾à¤¦à¤¾ à¤à¥à¤¨ à¤à¤ à¤¤à¥ à¤à¥à¤²à¤¿à¤¨à¤¿à¤ à¤à¤¾à¤à¤à¥¤,
S087,vertigo dizziness spinning,à¤à¤à¥à¤à¤° à¤à¤¨à¤¾ à¤à¥à¤¸à¥ à¤¸à¤¬ à¤à¥à¤® à¤°à¤¹à¤¾ à¤¹à¥,à¤à¤°à¤à¤°à¤£à¥,"chakkar aa raha, sab ghoom raha hai, vertigo, balance nahi ban raha, à¤à¤ à¤¤à¥ à¤¬à¥à¤ à¤¤à¥ à¤à¤à¥à¤à¤°, à¤à¤à¥à¤à¤° à¤à¤¨à¤¾, à¤à¤°à¤à¤°à¤£à¥, spinning dizziness, vertigo balance problem, room spinning dizzy",clinic,5,"Sit or lie down immediately when dizzy. Move slowly when changing positions. Avoid sudden head movements. If vertigo is severe or recurring, visit clinic.",à¤à¤à¥à¤à¤° à¤à¤¨à¥ à¤ªà¤° à¤¤à¥à¤°à¤à¤¤ à¤¬à¥à¤  à¤¯à¤¾ à¤²à¥à¤ à¤à¤¾à¤à¤à¥¤ à¤§à¥à¤°à¥ à¤§à¥à¤°à¥ à¤à¤ à¥à¤à¥¤ à¤à¤à¤¾à¤¨à¤ à¤¸à¤¿à¤° à¤¨ à¤à¥à¤®à¤¾à¤à¤à¥¤ à¤¬à¤¾à¤° à¤¬à¤¾à¤° à¤¹à¥ à¤¤à¥ à¤à¥à¤²à¤¿à¤¨à¤¿à¤ à¤à¤¾à¤à¤à¥¤,
S088,cold hands feet poor circulation,à¤¹à¤¾à¤¥ à¤ªà¥à¤° à¤ à¤à¤¡à¥ à¤°à¤¹à¤¨à¤¾,à¤¹à¤¾à¤¤à¤ªà¤¾à¤¯ à¤¥à¤à¤¡ à¤°à¤¾à¤¹à¤£à¥,"haath pair hamesha thande, circulation problem, blood flow kam, extremities cold, à¤¹à¤¾à¤¥ à¤ªà¥à¤° à¤ à¤à¤¡à¥, à¤à¤°à¤¾à¤¬ à¤°à¤à¥à¤¤ à¤¸à¤à¤à¤¾à¤°, à¤¹à¤¾à¤¤à¤ªà¤¾à¤¯ à¤¥à¤à¤¡, cold extremities always, poor circulation hands feet, Raynaud",clinic,4,"Exercise regularly to improve circulation. Keep extremities warm. Avoid smoking. Eat iron rich foods. If severe or with colour changes in fingers, visit clinic.",à¤¨à¤¿à¤¯à¤®à¤¿à¤¤ à¤µà¥à¤¯à¤¾à¤¯à¤¾à¤® à¤à¤°à¥à¤à¥¤ à¤¹à¤¾à¤¥ à¤ªà¥à¤° à¤à¤°à¥à¤® à¤°à¤à¥à¤à¥¤ à¤§à¥à¤®à¥à¤°à¤ªà¤¾à¤¨ à¤¨ à¤à¤°à¥à¤à¥¤ à¤à¤¯à¤°à¤¨ à¤¯à¥à¤à¥à¤¤ à¤­à¥à¤à¤¨ à¤à¤¾à¤à¤à¥¤ à¤à¤à¤à¤²à¤¿à¤¯à¥à¤ à¤à¤¾ à¤°à¤à¤ à¤¬à¤¦à¤²à¥ à¤¤à¥ à¤à¥à¤²à¤¿à¤¨à¤¿à¤ à¤à¤¾à¤à¤à¥¤,
S089,memory loss confusion elderly,à¤¬à¥à¤à¥à¤°à¥à¤ à¤à¥ à¤¯à¤¾à¤¦à¤¦à¤¾à¤¶à¥à¤¤ à¤à¤® à¤¹à¥à¤¨à¤¾,à¤µà¥à¤¦à¥à¤§à¤¾à¤à¤à¥ à¤¸à¥à¤®à¥à¤¤à¥ à¤à¤®à¥,"yaad nahi rehta, bhool jaate hain, confused rehte hain, dementia, alzheimer, à¤¬à¥à¤à¥à¤°à¥à¤ à¤­à¥à¤² à¤à¤¾à¤¤à¥, à¤¯à¤¾à¤¦à¤¦à¤¾à¤¶à¥à¤¤ à¤à¤®, à¤µà¥à¤¦à¥à¤§à¤¾à¤à¤à¥ à¤¸à¥à¤®à¥à¤¤à¥ à¤à¤®à¥, elderly confused forgetful, memory loss old age, dementia symptoms",clinic,6,,,Common in elderly â needs proper assessment
S090,stuttering speech problem sudden,à¤à¤à¤¾à¤¨à¤ à¤¬à¥à¤²à¤¨à¥ à¤®à¥à¤ à¤¦à¤¿à¤à¥à¤à¤¤,à¤à¤à¤¾à¤¨à¤ à¤¬à¥à¤²à¤£à¥ à¤à¤¡à¤à¤³à¤£à¥,"achanak bolne mein dikkat, speech band ho gayi, bolna band, suddenly cannot speak clearly, à¤à¤à¤¾à¤¨à¤ à¤¬à¥à¤²à¤¨à¥ à¤®à¥à¤ à¤¦à¤¿à¤à¥à¤à¤¤, à¤¬à¥à¤²à¤¨à¤¾ à¤¬à¤à¤¦, à¤à¤à¤¾à¤¨à¤ à¤¬à¥à¤²à¤£à¥ à¤à¤¡à¤à¤³à¤£à¥, sudden speech difficulty, slurred speech sudden, cannot form words suddenly",emergency,9,,,Sudden speech difficulty = possible stroke â emergency
